Banco,Orden,Icon,Título,Cuerpo,es_intro
Santander,0,-,-,"Como conclusión final de este análisis comparativo, se observa una evolución hacia la flexibilidad y el pragmatismo operativo, en detrimento de la rigidez de los compromisos iniciales.
La evolución general de Banco Santander muestra un reenfoque pragmático en su estrategia de descarbonización, alejándose de metas fijas y absolutas hacia rangos de intensidad flexibles. Este ajuste, que el banco atribuye a la necesidad de reflejar el ritmo real de transición y la dependencia de las políticas públicas, afecta principalmente a la comparabilidad de sus compromisos en los sectores más contaminantes y denota una flexibilización de los escenarios climáticos previamente adoptados.
",TRUE
Santander,1,alert,Retroceso en la ambición de Oil & Gas,"Se elimina el objetivo de emisiones absolutas y se excluye el Alcance 3 de la meta de alineamiento, trasladándose a una métrica de solo seguimiento (Primary Energy Index).
Las emisiones de Alcance 3 (las generadas por el uso de los productos vendidos por las petroleras) suelen representar más del 80-90% del impacto total del sector. Al mover estas emisiones a un ""índice de seguimiento"" (Primary Energy Index) en lugar de un objetivo de reducción vinculado a la cartera, la presión directa sobre el desbalance de carbono de los clientes disminuye. El banco justifica que los clientes tienen ""mayor control operativo"" sobre sus alcances 1 y 2.",FALSE
Santander,2,warn,Cambio metodológico hacia rangos objetivo,"El banco ha sustituido de forma sistémica sus objetivos de emisiones fijados como un valor estricto (ya sea absoluto o de intensidad) por rangos de intensidad flexibles (en Power, Steel, Automotive) argumentando la necesidad de absorber las diferentes velocidades de transición internacionales.",FALSE
Santander,3,warn,Actualización masiva de años base,"Se han reseteado los años base de la mayoría de sectores de CIB de 2019 a 2023, dificultando la trazabilidad del progreso histórico a largo plazo.
Cambiar el año base dificulta la comparación del progreso histórico. Si un banco reduce emisiones entre 2019 y 2023 pero luego ""reinicia"" el contador en 2023, la trayectoria de largo plazo se fragmenta. El banco argumenta que este cambio busca utilizar datos más recientes y precisos para reflejar la composición actual de su cartera.",FALSE
Santander,4,alert,Reclasificación de sectores de hard-to-abate,"El banco ha desistido de mantener un objetivo de descarbonización para aviación, moviéndolo a ""seguimiento"" alegando falta de control sobre las palancas del sector.
Esto supone una relajación del compromiso climático en un sector de difícil abatimiento (hard-to-abate). El banco explica que, dado el tamaño actual de su exposición (0.53 mil millones) y la dependencia total de tecnologías externas como el combustible sostenible (SAF), no considera factible mantener un objetivo de alineamiento vinculante en este momento ",FALSE
Santander,5,info,Alteración del escenario climático base,"La entidad ha abandonado la exclusividad del escenario IEA Net Zero 2050, incorporando el escenario menos restrictivo de Compromisos Anunciados (APS) en la definición de todos sus nuevos rangos de objetivos sectoriales.",FALSE
ING,0,-,-,"A lo largo de los ejercicios evaluados, ING demuestra una evolución favorable y sumamente activa hacia la descarbonización de sus carteras, logrando reducciones metodológicas consistentes en la intensidad de emisiones de los sectores más pesados de su balance (como Power y el sector inmobiliario). No obstante, la entidad sigue enfrentándose a la difícil realidad de los sectores ""hard-to-abate"" (aviación, automoción y cemento), donde la intensidad de emisiones ha sufrido ligeros repuntes ligados a variaciones en los desembolsos crediticios y a la limitada disponibilidad de alternativas tecnológicas a escala.",TRUE
ING,1,alert,Validación de metas por SBTi,"Un punto de inflexión corporativo, reportado en 2025, ha sido la validación de las metas climáticas del banco (enfoque Terra) por parte de la iniciativa Science Based Targets (SBTi) alineadas a un escenario de 1.5°C.",FALSE
ING,2,warn,Modificación sustancial del perímetro en Upstream Oil & Gas,"Para alinearse con las exigencias del marco metodológico validado por SBTi, el banco ha transicionado de establecer sus metas y medir sus exposiciones en base a saldos dispuestos (outstandings) a basarse estrictamente en límites de préstamo comprometidos (loan limits).",FALSE
ING,3,info,Actualización metodológica en Commercial Real Estate,"Se ha implementado una reformulación material de las emisiones sustituyendo factores de emisión ""Well-to-Wheel"" por ""Tank-to-Wheel"", lo que ha alterado retrospectivamente su línea base y modificado la medición real de su trayectoria.",FALSE
ING,4,info,Cambio en la métrica de medición del sector Acero (Steel),"El banco ha reemplazado su anterior puntuación de ""Alignment score"" por un sistema más estricto de desviación porcentual (""percentage deviation"") basándose en las últimas actualizaciones del estándar Sustainable STEEL Principles.",FALSE
ING,5,warn,Nuevos sectores para Terra,"La metodología de seguimiento climático del banco empieza a ramificarse hacia áreas complejas de la economía real, anunciando formalmente la incorporación y desarrollo activo de planes de transición para el aluminio y la agricultura (lácteos).",FALSE
Standard Chartered,0,-,-,"La trayectoria de descarbonización de Standard Chartered ha evolucionado desde el lanzamiento de su hoja de ruta en 2021, centrada inicialmente en sectores clave como energía y transporte, hasta completar en 2024-2025 la fijación de objetivos científicos para los 12 sectores de la NZBA con la incorporación de Agricultura. En 2025, el banco culminó su compromiso de neutralidad operativa en Alcances 1 y 2 y ha comenzado a refinar sus métricas de emisiones financiadas, incorporando intensidades de metano y ajustando metodologías de Alcance 3 para reflejar mejor la realidad de sus clientes en la transición.",TRUE
Standard Chartered,1,info,Logro de Cero Emisiones Netas Operativas,"El Informe 2025 confirma que el banco alcanzó su objetivo de emisiones netas cero en los Alcances 1 y 2 en 2025, tras una reducción del 96% desde la línea base de 2018.",FALSE
Standard Chartered,2,info,Nuevo Objetivo de Emisiones Facilitadas,"Incorporación en el Informe 2025 del primer objetivo para emisiones facilitadas (mercado de capitales), centrado en Oil & Gas con un target de reducción del 26,9% para 2030.",FALSE
Standard Chartered,3,alert,Incremento Crítico en Aluminio,La intensidad del sector aluminio se disparó un 105% en el Informe 2025 debido a operaciones de préstamo a corto plazo con productores primarios altamente intensivos.,FALSE
Standard Chartered,4,warn,Reajuste del Objetivo de Agricultura,El Informe 2025 eleva tanto la línea base como el rango objetivo de temperatura (ITR) del sector tras actualizarse los factores de puntuación externos de CDP.,FALSE
Standard Chartered,5,warn,Cambio Metodológico en Alcance 3 de Oil & Gas,"El Informe 2025 restringe el cálculo del Scope 3 únicamente a las actividades de producción upstream, lo que ha forzado restatements en los datos del año anterior.",FALSE
Citi,0,-,-,"Citi muestra una evolución hacia la formalización regulatoria de su estrategia, ampliando significativamente su cobertura sectorial e integrando el impacto de sus actividades en mercados de capitales en sus metas principales.",TRUE
Citi,1,info,Expansión del Alcance de Objetivos,"Incorporación de cuatro sectores nuevos (Aluminio, Aviación, Cemento y Navegación), completando los diez sectores previstos en su estrategia de neutralidad.",FALSE
Citi,2,warn,Integración de Emisiones Facilitadas,"Cambio metodológico estructural en Energía, Power y Automotriz que integra actividades de mercados de capitales en el objetivo 2030, provocando un ajuste al alza de la línea base de Energía de 143.8 a 168 M mt CO2e.",FALSE
Citi,3,alert,Deterioro en Intensidad Automotriz,"Incremento significativo de la intensidad del sector de 173 a 211 g CO2e/km entre informes, justificado por cambios en la exposición de la cartera de clientes.",FALSE
Citi,4,info,Lanzamiento del Ratio ESFR,"Implementación de la métrica Energy Supply Financing Ratio con un resultado inicial de 0.36, midiendo la financiación de bajas emisiones frente a combustibles fósiles.",FALSE
Societe Generale,0,-,-,"Societe Generale muestra avances notables en su trayectoria de descarbonización, logrando cumplir de manera anticipada sus objetivos a 2030 en los sectores de Power y Shipping. No obstante, se observan retos significativos en sectores de difícil descarbonización como el acero, donde la cartera ha perdido su estatus de alineación, así como ajustes metodológicos en Oil & Gas y Aluminio motivados por cambios en los proveedores de datos para afinar la medición.",TRUE
Societe Generale,1,info,Cumplimiento anticipado de los objetivos en Power y Shipping,"El banco ha superado ampliamente sus metas para 2030 en dos sectores clave: en Power, la intensidad de emisiones bajó a 85 gCO2/kWh (frente al objetivo de 125 gCO2/kWh), y en Shipping la puntuación de alineación mejoró al +7,9% (superando el objetivo del +15%).",FALSE
Societe Generale,2,alert,Desalineación en el sector del Acero (Steel),"La puntuación de alineación de la cartera de acero ha sufrido un retroceso, pasando de un nivel alineado de -0,61 a un nivel no alineado de +0,16. El banco justifica esta desviación señalando que la descarbonización de su cartera depende del progreso de los proyectos de acero verde, cuyo contexto europeo es actualmente menos favorable.",FALSE
Societe Generale,3,warn,Ajustes metodológicos y de línea base en Oil & Gas y Aluminio,"Se han producido cambios metodológicos debido a la rotación de proveedores de datos y correcciones en los datos de los clientes. Esto ha provocado que la línea base de emisiones absolutas en Oil & Gas se ajuste a la baja (de 29,6 a 24,8 MtCO2eq) y que la intensidad reportada en Aluminio muestre un aumento aparente (de 6,9 a 7,6 tCO2/t) que no refleja un deterioro real de la cartera sino un cambio de medición.",FALSE
Societe Generale,4,info,Endurecimiento de la política sectorial de Carbón Térmico,"En marzo de 2025, el banco actualizó su política sectorial para el carbón térmico, ampliando la definición de ""desarrolladores de carbón"" y endureciendo los umbrales de exclusión para aquellos productores de energía que no hayan asumido un compromiso público de abandono progresivo, a la vez que se clarificaron las exenciones para operaciones de transición energética.",FALSE
HSBC,0,-,-,"La evolución de HSBC en 2025 refleja una reestructuración profunda de su estrategia de reporte, priorizando la flexibilidad mediante rangos objetivos y la actualización de datos recientes. Este movimiento mejora la precisión técnica pero dificulta la trazabilidad directa con los compromisos históricos del banco.",TRUE
HSBC,1,warn,Cambios metodológicos con impacto en comparabilidad,"Se han sustituido todos los objetivos de reducción fijos por ""rangos objetivos"", permitiendo al banco absorber desviaciones del escenario macroeconómico.",FALSE
HSBC,2,warn,Actualización transversal de escenarios climáticos,Se ha abandonado el uso exclusivo del escenario IEA NZE 2021 a favor de un enfoque apoyado en los escenarios IEA NZE y APS 2024.,FALSE
HSBC,3,warn,Cambios en el año base,"Se han actualizado las líneas de base de 2019 a 2023 en cinco de los siete sectores clave, reiniciando el contador de progreso acumulado.",FALSE
HSBC,4,alert,Sectores eliminados,El sector del aluminio ha sido eliminado del marco de objetivos de alineación debido a su escaso peso en el balance.,FALSE
HSBC,5,info,Cambio de métrica en Aviación,La transición del uso de pasajeros-kilómetro (rpk) a toneladas-kilómetro (rtk) representa un ajuste fundamental para cubrir de manera integral a las aerolíneas que transportan carga.,FALSE
NatWest,0,-,-,"NatWest ha demostrado una evolución hacia una mayor sofisticación técnica y ambición financiera, integrando riesgos climáticos de forma más estructural en sus políticas de riesgo mediante la creación de marcos sectoriales unificados. Sin embargo, el cambio recurrente en metodologías de medición y la adopción de escenarios de referencia más estrictos entre 2024 y 2025 dificulta la trazabilidad lineal del progreso real en sectores críticos como energía y acero.",TRUE
NatWest,1,alert,Abandono de la validación externa,"El banco ha retirado sus objetivos validados por SBTi, optando por un marco de diseño propio no validado por dicha iniciativa.",FALSE
NatWest,2,info,Salto en la ambición financiera,"El objetivo de financiación climática y de transición se ha duplicado, pasando de un compromiso de 100.000 millones de libras para 2025 a una nueva meta de 200.000 millones de libras para finales de 2030.",FALSE
NatWest,3,warn,Incomparabilidad en el sector Power,"La transición hacia ""objetivos basados en la actividad a nivel de cartera"" en la generación eléctrica ha invalidado la comparación directa con los datos de años anteriores.",FALSE
NatWest,4,info,Formalización del objetivo en Oil & Gas,"El banco ha pasado de un seguimiento cualitativo a establecer un objetivo cuantitativo de reducción de intensidad física del 13% para 2030, fijando además el año 2023 como nuevo año base de referencia.",FALSE
NatWest,5,warn,Endurecimiento de escenarios industriales,"La senda de alineación para el sector del acero se ha vuelto más exigente al migrar del escenario IEA SDS al IEA Net Zero Emissions (NZE) 2050, contribuyendo a una reducción de la intensidad física reportada de 1.48 tCO2e/t a 1.41 tCO2e/t.",FALSE
Barclays,0,-,-,"La evolución general del banco en su estrategia de descarbonización presenta resultados mixtos, alternando el perfeccionamiento de sus metodologías de medición con retrocesos reales en sectores clave de su cartera. Aunque se evidencian ajustes orientados a reflejar con mayor exactitud las líneas base y la alineación con escenarios climáticos más estrictos, el repunte de emisiones absolutas en industrias pesadas y de combustibles fósiles representa un desafío directo para su trayectoria hacia las cero emisiones netas.",TRUE
Barclays,1,warn,Ajuste metodológico en carteras inmobiliarias y de energía,"Se han recalculado las intensidades iniciales en los sectores Power, Commercial Real Estate y Residential Real Estate, afectando directamente a la comparabilidad histórica de los datos reportados.",FALSE
Barclays,2,info,Consolidación de escenarios climáticos,"Eliminación del escenario de referencia IEA SDS para el sector Power, apoyándose ahora de manera exclusiva en el escenario más ambicioso IEA NZE 2050.",FALSE
Barclays,3,alert,Volatilidad extrema en la industria del cemento,"Fuerte incremento interanual en las emisiones absolutas financiadas en el sector Cement, que prácticamente se duplican al pasar de 0,8 MtCO2e a 1,5 MtCO2e.",FALSE
Barclays,4,alert,Deterioro en la transición energética,"Empeoramiento claro en la trayectoria del sector Oil & Gas (Upstream Energy), donde la reducción acumulada cae del -45% al -41% debido a un repunte en el volumen de las emisiones absolutas.",FALSE
Sabadell,0,-,-,"Banco Sabadell muestra un avance general en su estrategia de descarbonización, logrando reducciones notables de intensidad en sectores clave. Al integrar las explicaciones de la entidad, se hace evidente que las volatilidades en los indicadores de seguimiento responden en gran medida a la alta concentración de ciertas carteras y a desajustes temporales en la disponibilidad de datos de los clientes.",TRUE
Sabadell,1,alert,Caída excepcional en el sector eléctrico,"La intensidad física se ha desplomado a 40 Kg CO2e/MWh, rebasando anticipadamente el límite inferior del rango objetivo (45-85) gracias al peso del project finance renovable.",FALSE
Sabadell,2,warn,Repunte justificado en petróleo y gas,El aumento de emisiones hasta 5.277 Kt CO2e (frente a las 4.820 Kt CO2e previas) subraya la sensibilidad de la huella absoluta ante nuevas disposiciones puntuales de crédito comercial.,FALSE
Sabadell,3,alert,Impacto de la concentración en aluminio y carbón,"La subida atípica de intensidad en aluminio (+9,8%) y el repunte de exposición en carbón (de 0,1 a 1,7 M€) demuestran que, en carteras pequeñas o muy concentradas, las líneas de circulante o los cambios de mix distorsionan significativamente la tendencia hacia 2030.",FALSE
Sabadell,4,warn,Desfase de datos en Shipping,"El empeoramiento del Alignment Delta al +28% evidencia los retos actuales en la calidad del dato ESG, obligando al banco a usar rezagos de un año (datos 2023 para estimar 2024).",FALSE
Sabadell,5,info,Avance pronunciado en automoción,La mejora abrupta hasta los 183 gCO2e/vkm valida la estrategia de reasignación de cartera hacia grupos automovilísticos con planes de transición más agresivos.,FALSE
Intesa Sanpaolo,0,-,-,"La evolución del banco en su proceso de descarbonización durante 2024 y 2025 muestra un esfuerzo constante por refinar sus metodologías y alinearse con escenarios más actualizados, destacando la reciente validación de sus objetivos por parte de SBTi. Se observa una tendencia general a la baja en la mayoría de las intensidades físicas y emisiones absolutas, fuertemente condicionada por reajustes en el volumen de exposición de la cartera.",TRUE
Intesa Sanpaolo,1,info,Renovación generalizada de escenarios de referencia,"El banco actualizó sistemáticamente los benchmarks de la Agencia Internacional de la Energía (de las versiones 2023/2024 a la 2025) para los sectores de Power, Oil & Gas, Cement, Steel y Automotive.",FALSE
Intesa Sanpaolo,2,info,Cumplimiento del phase-out en carbón,"En 2025, el banco logró su objetivo de exposición cero a contrapartes de minería de carbón (manteniendo solo un importe residual dudoso), llevando las emisiones financiadas de 0.1 Mt CO2e a 0.0 Mt CO2e.",FALSE
Intesa Sanpaolo,3,alert,Fuerte reducción en el sector del aluminio,"La intensidad física experimentó una gran caída de 4.38 tCO2e/t en 2024 a 3.03 tCO2e/t en 2025, a la vez que las emisiones absolutas pasaron de 0.4 a 0.1 Mt CO2e, traccionado por un notable recorte a la mitad en la exposición financiera del sector.",FALSE
Intesa Sanpaolo,4,warn,Volatilidad al alza en la intensidad del acero y las emisiones agrícolas,"A pesar de mantener estables los montos de la cartera, la intensidad física del hierro y el acero repuntó de 0.82 a 0.90 tCO2/t, mientras que las emisiones absolutas en agricultura subieron de 0.7 a 0.9 Mt CO2e.",FALSE
Intesa Sanpaolo,5,info,Innovación en métricas del sector acerero,Se introdujo en 2025 un enfoque novedoso de financiación dedicada en el sector del acero para aislar y contabilizar de manera distinta transacciones específicas de transición tecnológica frente a los préstamos corporativos generales.,FALSE
Nordea,0,-,-,"Nordea muestra un avance continuo en su estrategia de descarbonización hacia las cero emisiones netas, logrando reducciones reales en sectores clave como Power, Oil & Gas y Shipping. Sin embargo, el periodo analizado destaca por una profunda revisión metodológica y de calidad de datos que ha provocado recálculos masivos en las líneas base de múltiples carteras, lo que redefine los puntos de partida y dificulta la comparabilidad directa de las métricas de intensidad frente al ejercicio anterior.",TRUE
Nordea,1,alert,Recálculo metodológico en Agricultura,"El ajuste del año base disminuye drásticamente la métrica inicial de 758 tCO2e/EURm a 363 tCO2e/EURm, transformando la trayectoria del sector de una reducción continua a un ligero aumento del 1,4%.",FALSE
Nordea,2,alert,Descenso abrupto en Oil & Gas,"Las emisiones absolutas reales se han desplomado hasta 0,01 MtCO2e frente a los 0,7 MtCO2e previos, consolidando una impresionante reducción del 99,6% por la salida sistemática de clientes y rebalanceo de la cartera.",FALSE
Nordea,3,warn,Corrección a la baja en Residential Real Estate,"La intensidad de la línea base de 2019 se ajustó significativamente de 17,4 kgCO2e/m2 a 12,2 kgCO2e/m2 como consecuencia directa de mejoras en las fuentes de datos y certificados EPC.",FALSE
Nordea,4,alert,Fuerte descenso no orgánico en Commercial Real Estate,"La intensidad de emisiones reportada se redujo drásticamente de 28 kgCO2e/m2 a 13 kgCO2e/m2, logrando mejoras sustanciales en la métrica gracias a la actualización de datos EPC pese a un aumento real en la exposición crediticia.",FALSE
Nordea,5,alert,Descenso acelerado en Power,"Las emisiones absolutas del sector cayeron a más de la mitad, de 797.501 tCO2e a 361.603 tCO2e, en un contexto donde el volumen de la cartera crediticia experimentó un claro crecimiento.",FALSE
Caixabank,0,-,-,"La evolución general de CaixaBank hacia la descarbonización muestra avances acelerados en los sectores energéticos (Power y Oil & Gas) superando con creces los objetivos a 2030 , pero presenta estancamientos e incluso retrocesos severos en sectores vinculados a cambios regulatorios externos como Automoción o con problemas de datos proxy como el Inmobiliario Comercial . A nivel metodológico, la base es consistente, aunque afloran discrepancias numéricas puntuales en el recálculo histórico de ciertos años.",TRUE
Caixabank,1,alert,Empeoramiento severo y discrepancia en el sector Automoción,"Se ha constatado un aumento alarmante en la intensidad de emisiones del sector automovilístico en 2025 (163,9 gCO2/vkm), superando incluso el nivel del año base (154 gCO2/vkm) debido a la flexibilización normativa en Europa , a lo que se suma una alteración retroactiva del dato de 2023 sin mayor justificación en el último reporte.",FALSE
Caixabank,2,info,Superación anticipada de objetivos a 2030,"Las carteras de generación eléctrica y de petróleo y gas han experimentado caídas drásticas en sus métricas absolutas e intensidades físicas, situándose ambas en el ejercicio 2025 por debajo del objetivo final que el banco se había marcado alcanzar dentro de cinco años.",FALSE
Caixabank,3,warn,Retroceso en Inmobiliario Comercial derivado de proxies,"El banco reporta una subida a 21 kgCO2e/m2 en su cartera inmobiliaria comercial en 2025 que sobrepasa el punto de partida original (20,5 kgCO2e/m2), motivada no por un aumento real de emisiones sino por un ajuste metodológico en la estimación de datos proxy ante la falta de certificados reales.",FALSE
Caixabank,4,info,Ajuste silencioso de datos históricos en Power,"Durante el cruce de reportes se ha identificado una modificación retroactiva del dato de intensidad correspondiente al ejercicio 2022 para el sector eléctrico, pasando de los 116 kgCO2e/MWh reportados en 2024 a 118 kgCO2e/MWh en 2025, sugiriendo recálculos internos que afectan la trazabilidad pública de la métrica",FALSE
Deutsche Bank,0,-,-,"Deutsche Bank ha mostrado un sólido avance en la reducción de intensidades físicas en la mayoría de sus sectores objetivo, como Power y Automotrices. No obstante, enfrenta presiones y volatilidad al alza en sectores específicos como Carbón y Cemento. Los cambios en los criterios de consolidación de datos y la eliminación de compromisos contingentes han alterado notablemente los registros del balance de emisiones financiadas corporativas.",TRUE
Deutsche Bank,1,warn,Exclusión de compromisos contingentes y restructuración de emisiones,"En el informe 2025, el banco introdujo un cambio metodológico estructural de alto impacto al excluir por completo el compromiso de emitir contingentes de la frontera del portafolio corporativo. Esta optimización modificó retroactivamente los datos correspondientes a fines de 2024, reduciendo las emisiones financiadas reportadas en 5.8 MtCO2e/y para los Alcances 1 y 2, y en un severo 81.4 MtCO2e/y para el Alcance 3.",FALSE
Deutsche Bank,2,alert,Incremento de emisiones financiadas en el sector Carbón,"A pesar de los compromisos globales de reducción en combustibles fósiles, las emisiones financiadas absolutas de Alcance 3 en la minería de carbón aumentaron de 4.6 MtCO2/y a 5.3 MtCO2/y entre ambos informes. Este retroceso del 16% es atribuido a la actividad crediticia de financiamiento a corto plazo dirigida a un único cliente.",FALSE
Deutsche Bank,3,warn,Recalibración metodológica a la baja de la línea base en Power,"El banco aplicó una profunda reconfiguración en el sector energético al integrar de manera más precisa a pequeñas entidades generadoras y sustraer los compromisos contingentes. Como resultado directo, la intensidad física del año base 2021 se ajustó a la baja de 396 kgCO2e/MWh a 367 kgCO2e/MWh, y el objetivo intermedio fijado para 2030 se volvió más estricto al reducirse de 124 kgCO2e/MWh a 114 kgCO2e/MWh.",FALSE
Deutsche Bank,4,info,Ampliación del Alcance 3 e inclusión de emisiones facilitadas,"Con la finalidad de aumentar la transparencia en sus actividades del mercado de capitales, Deutsche Bank expandió en su informe 2025 las métricas de la categoría 15 incorporando las emisiones facilitadas bajo la metodología estándar de PCAF de diciembre de 2023. Para mitigar la volatilidad inherente al volumen de estructuración de transacciones, el banco comenzó a divulgar promedios móviles de 5 años, reportando un total de emisiones facilitadas de 8.5 MtCO2/y (Alcance 1 y 2) y 118.1 MtCO2/y (Alcance 3) para el ejercicio 2024.",FALSE
Deutsche Bank,5,warn,Resistencia y persistencia de desvíos en el sector Cemento,"El sector de cemento continúa posicionándose como un área crítica con serias dificultades tecnológicas de mitigación. Las intensidades físicas reportadas se ubicaron en 749 kgCO2e/t de cemento en el informe 2025, lo que representa un persistente desvío al alza del 11% frente a los valores recalculados de su línea base de 2022 (678 kgCO2e/t), debido al tamaño reducido de la cartera que limita una gestión de rebalanceo activa.",FALSE
Bancolombia,0,-,-,"Bancolombia evidencia un robustecimiento formal en sus políticas sectoriales de descarbonización y en la consolidación de sus metas validadas por SBTi. No obstante, se detectan desafíos en el mantenimiento de la consistencia de los datos históricos expuestos y vulnerabilidad de las metas de intensidad energética frente a choques climáticos externos.",TRUE
Bancolombia,1,warn,Desviación en metas de intensidad del sector energético por El Niño.,"La intensidad de emisiones del sector energético alcanzó 0,24 tCO2e/MWh en el reporte de 2025, superando significativamente la meta establecida para el año 2024 de 0,161 tCO2e/MWh debido al incremento involuntario de la generación térmica en Colombia detonada por la emergencia climática de El Niño.",FALSE
Bancolombia,2,warn,Discrepancias en datos históricos de exposición de cartera 2024,"Se identificaron variaciones numéricas en los balances asignados al año 2024 entre ambos reportes, evidenciando que el sector de petróleo y gas aumentó de 1,11% a 1,65% y el sector cemento se redujo de 0,29% a 0,16%.",FALSE
Bancolombia,3,info,Refinamiento metodológico con desglose de la industria automotriz,"El informe de 2025 introdujo una separación explícita para la industria automotriz asignándole un 1,32% de la exposición de la cartera, lo que incrementa la transparencia y especificidad del análisis frente al informe de 2024, donde dicho sector se diluía dentro del agregado general de transporte.",FALSE
Bancolombia,4,info,Incorporación de criterios de transición justa para el carbón térmico,"Durante el ejercicio 2025, el banco fortaleció su Política de Riesgos ESG al añadir principios y criterios técnicos para evaluar la financiación de planes de transición climática en los sectores de carbón térmico y generación carbonera, complementando la meta de eliminación total trazada para el año 2030.",FALSE
UniCredit,0,-,-,"UniCredit muestra una consolidación positiva en la integración de sus compromisos climáticos dentro de los procesos de gestión de riesgos y planificación financiera del grupo. El banco ha logrado reducciones consistentes en los niveles de intensidad y emisiones de su cartera activa, situándose en varios de los sectores clave por debajo de las metas intermedios fijadas para 2030.",TRUE
UniCredit,1,warn,Inclusión de bonos corporativos y recálculo de líneas base,"En el informe de 2025, UniCredit implementó un cambio metodológico de gran relevancia al incorporar los títulos de bonos en el perímetro de medición para los sectores de Power Generation y Oil & Gas. Esto provocó un recálculo retroactivo de las líneas base del año 2021, alterando los valores comparativos previos respecto a los reportados en el informe de 2024.",FALSE
UniCredit,2,info,Transparencia obligatoria mediante EPC en el sector inmobiliario,"Con el objetivo de perfeccionar la calidad y reducir el alto volumen de datos estimados en sus carteras de Real Estate, UniCredit anunció en su informe de 2025 la obligatoriedad de recopilar Certificados de Rendimiento Energético (EPC) reales para las nuevas operaciones de Commercial y Residential Real Estate, lo que supone un avance en la transparencia frente al informe de 2024.",FALSE
UniCredit,3,info,Compromisos futuros y desarrollo de políticas para Agricultura,"UniCredit modificó sustancialmente su enfoque hacia el sector agrícola en el informe de 2025 al detallar planes concretos para estructurar directrices internas de prácticas sostenibles, un programa de formación enfocado en el sector para empleados en 2026 y la creación de una política formal sectorial, superando la postura inicial de monitoreo pasivo del informe de 2024.",FALSE
Lloyds Banking Group,0,-,-,Lloyds Banking Group demuestra madurez metodológica en su estrategia de transición climática al profundizar el enfoque sistémico y de integración con la naturaleza (biodiversidad). Se evidencia un progreso sustancial con un descenso del 36% en las emisiones financiadas absolutas y una rápida y proactiva recalibración de sus portafolios más pesados para alinearse estrictamente con las nuevas políticas nacionales británicas.,TRUE
Lloyds Banking Group,1,warn,Transición metodológica hacia el Séptimo Presupuesto de Carbono,"El banco actualizó los modelos de fijación de objetivos de emisiones financiadas para las carteras de hipotecas residenciales, sector inmobiliario comercial, agricultura, transporte de pasajeros y automóviles en el informe 2025 para ajustarse a las nuevas exigencias del Séptimo Presupuesto de Carbono publicado por el CCC, modificando la línea base técnica sustentada en el Sexto Presupuesto durante el ejercicio de 2024.",FALSE
Lloyds Banking Group,2,warn,Restricción en los criterios de financiamiento de automoción sostenible,"Desde enero de 2025, el grupo endureció los criterios de elegibilidad de su meta de financiación de vehículos sostenibles, excluyendo los vehículos híbridos enchufables para enfocarse únicamente en eléctricos puros, lo que representa un cambio de alcance material respecto al perímetro reportado en el informe 2024.",FALSE
Lloyds Banking Group,3,info,Integración pionera de pilotos del marco TNFD LEAP,"Para fortalecer el análisis de los riesgos y dependencias relacionados con la naturaleza (biodiversidad), el banco completó en 2025 una prueba de concepto piloto alineada con el marco TNFD LEAP focalizada en sus carteras de préstamos Inmobiliarios y Agrícolas, un avance analítico que no estaba presente en la planificación del informe 2024.",FALSE
Lloyds Banking Group,4,info,Caída del 36% en emisiones financiadas absolutas y récord en hipotecas verdes,"El grupo reportó un desempeño interanual altamente positivo reduciendo sus emisiones financiadas consolidadas a 18.6 MtCO2e (caída del 36% frente a 2018) según el informe 2025, impulsado por un crecimiento extraordinario en su cartera de hipotecas sostenibles (EPC A y B) que escaló a £18.5 mil millones en 2025  frente a los £11.4 mil millones acumulados el año anterior",FALSE
Lloyds Banking Group,5,info,Cronograma definitivo de salida del carbón térmico corporativo,"En un importante refuerzo a sus compromisos de exclusión, la hoja de ruta del informe 2025 anunció formalmente la meta de salir en su totalidad de cualquier entidad operadora de instalaciones de carbón térmico para el año 2030, ampliando exitosamente el cese al financiamiento directo a energía de carbón del Reino Unido ya logrado a fines de 2023.",FALSE
Akbank,1,-,-,"Akbank muestra una evolución positiva en su estrategia de descarbonización entre los informes 2024 y 2025: mantiene sin cambios los cinco objetivos cuantitativos sectoriales (energía -60%, cemento -23,8%, acero -29%, inmuebles comerciales -40,8%, residenciales -49,3%), todos referenciados al año base 2021 y al escenario IEA NZE2050, y amplía sustancialmente el alcance de sus evaluaciones de cartera —pasando de 122 a 516 empresas evaluadas— gracias al lanzamiento del Green Transformation Score. No obstante, se detectan retrocesos de visibilidad en sectores como aluminio, agricultura, transporte y oil & gas, que desaparecen del sistema de evaluación individual de clientes en 2025. La salida de la NZBA en 2025 y la corrección de un dato incorrecto en el informe 2024 son elementos que merecen atención.",TRUE
Akbank,2,warn,Corrección de dato incorrecto de PCAF Data Quality en Commercial Real Estate entre informes,"El informe 2025 reconoce expresamente que el dato de PCAF Data Quality para Commercial Real Estate publicado en el informe 2024 era incorrecto: se reportó 3,7 y debería haber sido 4,0. Esta discrepancia entre informes afecta a la comparabilidad de la calidad de datos de la cartera y pone de manifiesto debilidades en el proceso de revisión del informe 2024.",FALSE
Akbank,3,alert,Salida de la Net Zero Banking Alliance (NZBA) en 2025,"El informe 2024 destaca la adhesión a la NZBA en 2024 como un hito clave. Akbank abandona la NZBA un año después de unirse, aunque afirma seguir los principios de la alianza y alinearse con las directrices GFANZ. Este retroceso formal en compromisos colectivos de net zero merece seguimiento.",FALSE
Akbank,4,info,Lanzamiento del Green Transformation Score: de 122 a 516 empresas evaluadas,"El informe 2025 detalla el lanzamiento del Green Transformation Score como herramienta de evaluación de la performance de transformación verde de los clientes, aumentando el número total de empresas evaluadas de 122 a 516, con incrementos especialmente notables en acero (de 20 a 212 empresas), real estate (de 0 a 112) y energía (de 0 a 80). Esta herramienta se integra ya en los procesos crediticios al nivel del Consejo de Administración, lo que supone un avance significativo en la gobernanza de la cartera.",FALSE
Akbank,5,warn,"Desaparición de evaluaciones individuales en aluminio, transporte, agricultura y oil & gas","El informe 2024 reportaba evaluaciones individuales de clientes para aluminio (11 empresas), transporte (14), agricultura (3) y oil & gas (10), realizadas bajo los principios NZBA. El informe 2025 no incluye ninguna empresa evaluada en estos cuatro sectores, al centrarse el Green Transformation Score en los 'sectores objetivo'. Esta reducción de cobertura sectorial supone una pérdida de visibilidad —aunque sea de naturaleza metodológica— sobre segmentos relevantes de la cartera.",FALSE
Akbank,6,info,Ampliación y detalle del compromiso de salida del carbón: tres categorías y seis principios de just transition,"El informe 2025 amplía sustancialmente el marco de Coal Phase-Out respecto al informe 2024: estructura la salida en tres categorías de actividades —plantas termoeléctricas y mineras de carbón térmico, mineras de carbón metalúrgico, y toda la cadena de valor del carbón incluido el carbón para calefacción— con diferentes plazos y hojas de ruta, e incorpora seis principios explícitos de just transition (enfoque basado en derechos, toma de decisiones participativa, cadena de suministro, evaluación de impacto, acceso a la información, I+D). Además, distingue por primera vez el carbón metalúrgico del térmico, con relevancia directa para el sector acero.",FALSE
Commerzbank,0,-,-,"La evolución general muestra un claro retroceso en la ambición climática de las políticas sectoriales de combustibles fósiles y una flexibilización de los objetivos inmobiliarios hacia trayectorias de 1.7°C. Estructuralmente, el banco ha empeorado sus métricas de intensidad en los sectores de acero y automoción debido al aumento de financiación a clientes intensivos, aunque ha mejorado la calidad de sus datos reales. El volumen de emisiones financiadas totales se ha incrementado significativamente un 24%, reflejando la estrategia de crecimiento del grupo",TRUE
Commerzbank,1,alert,Postergación del fin del carbón y eliminación de planes de transición,"En el informe 2025, Commerzbank revela una pérdida severa de ambición al retrasar el abandono definitivo del carbón al año 2038 en concordancia con los planes políticos gubernamentales. Adicionalmente, se ha eliminado por completo el requisito previo que obligaba a los clientes de este sector a presentar un plan formal de transformación antes del cierre de 2025, debilitando los mecanismos de control e impacto de la cartera de préstamos.",FALSE
Commerzbank,2,warn,Flexibilización de objetivos sectoriales hacia escenarios de 1.7°C,"Debido al reconocimiento explícito de que sectores clave no logran seguir la trayectoria para limitar el calentamiento a 1.5°C, el banco ha creado metas de dirección complementarias menos estrictas alineadas a 1.7°C para aviación y el sector inmobiliario comercial. En el caso del portafolio hipotecario residencial, la meta original de reducción del 57% fue directamente descartada por considerarse poco realista, sustituyéndose por un objetivo del 40%.",FALSE
Commerzbank,3,warn,Incremento del 24% en el volumen de emisiones financiadas totales,El inventario de emisiones financiadas de Alcance 3 (Categoría 15) sufrió un repunte notable al pasar de aproximadamente 74 Mt CO2eq en el informe 2024 a 92.2 Mt CO2eq en el informe 2025. Este incremento bruto está justificado internamente por la estrategia de expansión comercial del banco (+15% en utilizaciones de líneas de crédito) y por la sustitución de datos estimados por datos reales reportados directamente por los clientes bajo la normativa CSRD.,FALSE
Commerzbank,4,warn,Modificación del método de la taxonomía y reajuste del Green Asset Ratio,"Commerzbank adoptó de manera anticipada los criterios de reporte simplificados de la Comisión Europea del 2025, lo que provocó una ruptura en la comparabilidad de las métricas de la UE con respecto al año previo. Al alinear el denominador del Green Asset Ratio (GAR) para excluir carteras que no pueden ser calificadas como sostenibles (como las PYMES), el ratio de stock de activos sostenibles mostró un salto artificial del 3.33% reportado en 2024 al 8.05% reflejado en 2025.",FALSE
Commerzbank,5,info,Sustitución del objetivo de €300bn por la tasa de préstamo sostenible,"Al inicio del ejercicio 2025, el banco dio por terminado y reemplazó su objetivo histórico de movilizar €300bn para productos financieros sostenibles, el cual registraba un avance acumulado de €237.4bn a finales de 2024 en el informe 2024. Como se describe en el informe 2025, el nuevo indicador estratégico de control es la ""sustainable loan ratio"", con la meta fija de asignar permanentemente más del 10% del nuevo negocio crediticio a proyectos o modelos sostenibles.",FALSE
JPMorgan Chase,0,-,-,"JPMorgan Chase muestra una tendencia mixta en su estrategia climática. Mientras que los sectores pesados tradicionales como energía y petróleo muestran reducciones estables en sus intensidades, industrias de transición clave como automoción y aluminio experimentan claros deterioros en sus métricas.",TRUE
JPMorgan Chase,1,warn,Retroceso en Automoción por dinámicas de mercado,"La intensidad de carbono en la fabricación de vehículos aumentó del -23.3% al -20.3% con respecto al año base, debido a la desaceleración global en la adopción de automóviles eléctricos, lo que representa un impacto directo externo sobre el progreso de la cartera del banco",FALSE
JPMorgan Chase,2,alert,Incremento de emisiones en Aluminio,"El portfolio de aluminio registró un severo empeoramiento en su intensidad de carbono, escalando desde un +2.2% en el informe previo hasta un +10.4% por encima de la línea base debido a las necesidades de financiamiento de clientes en mercados emergentes con redes eléctricas altamente intensivas en carbono.",FALSE
JPMorgan Chase,3,alert,Reajuste metodológico doble en Transporte Marítimo,"Por segundo año consecutivo, la entidad revisó la línea base de Shipping (de 11.4 a 10.9 gCO2/t-nm), reduciendo en consecuencia la ambición de la meta de reducción para 2030 del -26% al -23%, lo que dificulta la comparabilidad histórica del sector.",FALSE
JPMorgan Chase,4,warn,Riesgo de Inteligencia Artificial en metas de Electricidad,"A pesar de reducir la intensidad eléctrica en un 27.5%, el banco incorporó una advertencia explícita sobre cómo el aumento de la demanda energética de los centros de datos dedicados a la inteligencia artificial pondrá en riesgo el cumplimiento futuro de los objetivos climáticos sectoriales",FALSE
Morgan Stanley,0,-,-,"Morgan Stanley ha ejecutado un cambio estratégico radical en la gestión de su cartera crediticia hacia la descarbonización. La sustitución de las métricas de intensidad financiera por rangos de intensidad física y la actualización del año base al 2022 reflejan una búsqueda de alineación directa con el desempeño real de la industria física. Además, la expansión de los sectores cubiertos incrementa sustancialmente el perímetro de control de las emisiones financiadas de la firma.",TRUE
Morgan Stanley,1,warn,Transición metodológica general e invalidez de comparación con 2019,"En el informe de 2024, el banco redefinió sus objetivos de emisiones financiadas para el sector de energía, generación eléctrica y automoción hacia la intensidad física (unidades de producción real), descartando por completo el marco previo fundamentado en la métrica FELI (emisiones por millón comprometido) y restableciendo en todos ellos el año base del 2019 al 2022, lo cual limita la comparabilidad temporal de la trayectoria histórica reportada previamente en el informe de 2023.",FALSE
Morgan Stanley,2,info,Incorporación de tres nuevos sectores de alta intensidad,"El informe de 2024 oficializa la ampliación de los objetivos de descarbonización de la cartera crediticia corporativa mediante la inclusión de tres nuevos sectores de difícil reducción: aviación, productos químicos y minería, asignándoles objetivos de reducción física para 2030 sobre una base de referencia fijada en 2022.
Morgan Stanley opta por no establecer un objetivo de reducción de intensidad específico para el sector del carbón en sus tablas de métricas, gestionando este riesgo climático directamente a través de criterios de exclusión en su Declaración de Política Ambiental y Social (ESPS) y evaluando la reducción de capacidad instalada de carbón como un indicador de transición integrado dentro de las carteras de Power y Mining.",FALSE
Morgan Stanley,3,alert,Ajuste negativo y revisión a la baja del progreso de finanzas sostenibles,"El volumen de capital acumulado movilizado hacia el objetivo de finanzas sostenibles de un billón de dólares sufrió una disminución neta al pasar de más de 820 mil millones reportados en el informe de 2023 a más de 815 mil millones de dólares en el informe de 2024, debido a una deducción de 120 mil millones de dólares motivada por una revisión exhaustiva de transacciones históricas que opacó el progreso orgánico de 110 mil millones de dólares logrado durante el ejercicio 2024, conforme a lo explicitado en la página 9 del informe de 2024.",FALSE
Morgan Stanley,4,alert,Actualización del año base para las emisiones operativas,"Morgan Stanley modificó el año base de su inventario de emisiones operativas (Alcances 1, 2 y 3 corporativos), sustituyendo el año de referencia original 2012 por el año 2023 con el fin de reflejar una línea base más representativa que incorpore las adquisiciones recientes y no se encuentre distorsionada por los efectos de la pandemia global, tal como se justifica en las páginas 36 y 62 del informe de 2024.",FALSE
UBS,0,-,Evolución general de descarbonización,"La evolución general de UBS revela un progreso mixto en sus objetivos. Se observa una sólida reducción continua en sectores intensivos como Power y un avance favorecido metodológicamente en Real Estate por la integración solar; sin embargo, en sectores difíciles de abatir como el acero y el transporte marítimo, el banco presenta retrocesos en la intensidad de emisiones y pérdida de transparencia documental. Estos movimientos reflejan el desafío en la gestión de exposición al consolidar carteras tras la absorción de Credit Suisse.",TRUE
UBS,1,alert,Retroceso en la intensidad de emisiones de hierro y acero,"El portfolio de hierro y acero experimentó un incremento en su intensidad de emisiones al pasar de una reducción del 20% en el informe 2024 a solo un 14% en el informe 2025, un retroceso que la entidad atribuye a un cambio en la composición interna de su cartera debido a la disminución de exposición a clientes de menor intensidad. ",FALSE
UBS,2,info,Incorporación del sector agrícola en el inventario de emisiones y recálculo de la línea base.,"El informe 2025 añade por primera vez la medición de las emisiones financiadas e incluye la categoría de agricultura dentro del alcance general de emisiones, recalculando los datos de 2023 que previamente se habían omitido debido a restricciones de datos de proveedores especializados.",FALSE
UBS,3,warn,Cambio metodológico por inclusión de impacto fotovoltaico en Real Estate,"A partir de 2024, el banco comenzó a integrar en sus cálculos de intensidad para el sector inmobiliario suizo el impacto de los sistemas fotovoltaicos instalados en los tejados de las propiedades financiadas, alterando la medición de las trayectorias de carbono reportadas en comparación con el periodo previo. Estas prácticas alteran las líneas base presentadas en 2024 e impiden una comparabilidad ""like-for-like"".",FALSE
UBS,4,alert,Omisión de métricas cuantitativas directas en transporte marítimo,"El informe 2025 prescinde de la publicación directa de la tabla de desviaciones climáticas y puntuaciones de alineamiento del portafolio marítimo bajo los Principios de Poseidón que sí se desglosaba de forma transparente en el ejercicio anterior, limitando la comparabilidad inmediata de la información dentro del documento principal",FALSE
UBS,5,info,Nueva definición corporativa y criterios para las Finanzas de Transición,"El informe 2025 introduce un hito estructural crítico: el banco ha desarrollado una definición explícita de ""finanzas de transición"" (transition finance) y ha creado criterios específicos para evaluar la credibilidad de los planes de transición de los clientes. Este fortalecimiento estratégico no estaba presente en 2024 y busca apoyar a las compañías en sectores carbono intensivos de forma estructurada, y no solamente financiar activos puramente ""verdes""",FALSE
UBS,6,warn,Cambio metodológico masivo en las Emisiones Facilitadas,"en el informe 2025, UBS ha ampliado el alcance de la medición de sus emisiones facilitadas (capital markets) más allá de los sectores carbono-intensivos para incluir a todos los sectores corporativos no financieros. Esto ha supuesto un cambio de perímetro enorme que ha obligado a recalcular al alza las cifras de 2023 que se mostraban en el informe 2024.",FALSE
Goldman Sachs,0,-,Evolución general de descarbonización,"La evolución de la descarbonización de la cartera del banco muestra una tendencia mixta y dependiente del volumen de originación, destacando como debilidad principal su alcance severamente limitado al reportar métricas únicamente para 3 sectores (Power, Oil & Gas, Automotive). Esta falta de cobertura sectorial, significativamente inferior al estándar de reporte de sus pares competidores, impide evaluar con precisión el alineamiento real y la ambición climática del conjunto de su cartera global.",TRUE
Goldman Sachs,1,alert,Repunte brusco en la intensidad del sector Automotive,"Se observa un retroceso deficiente en la intensidad de emisiones del sector automotriz, que pasó de 112 gCO2e/km en 2022 a 149 gCO2e/km en 2023, lo cual el banco justifica por una menor actividad de suscripción con fabricantes de baterías para vehículos eléctricos respecto al año previo.",FALSE
Goldman Sachs,2,warn,Ligero retroceso en la métrica del sector Power,"El sector de generación de energía experimentó un leve retroceso en su senda hacia la descarbonización, con un aumento en la intensidad de emisiones de 259 kgCO2e/MWh en 2022 a 265 kgCO2e/MWh en 2023, aunque la cifra todavía se mantiene encaminada hacia el rango objetivo de 147-219 kgCO2e/MWh marcado para 2030",FALSE
Goldman Sachs,3,info,Consolidación de mejoras en el sector Oil & Gas,"El banco ha logrado mantener de manera estable las mejoras en el sector de Oil & Gas (alcances 1 a 3), consolidando la intensidad física en 67 gCO2e/MJ tanto para 2022 como para 2023, lo que representa una reducción frente a los 72 gCO2e/MJ del año base 2019.",FALSE
Goldman Sachs,4,warn,Sensibilidad de las métricas a las suscripciones,"El comportamiento de los datos, especialmente el fuerte aumento en las emisiones de Automotive por falta de suscripciones en el negocio de vehículos eléctricos, indica una vulnerabilidad metodológica donde las métricas reflejan más las fluctuaciones del volumen de originación financiera del banco que los esfuerzos de descarbonización reales de la economía subyacente.",FALSE
BBVA,0,-,Evolución general de descarbonización,"BBVA refleja una progresión sólida en la estructuración de su hoja de ruta 'Net Zero' entre 2024 y 2025, evidenciada por la expansión del perímetro hacia sectores clave como Aluminio y Aviación de carga. No obstante, el banco se enfrenta a retos de transparencia derivados de re-expresiones metodológicas en Oil & Gas y a una alarmante desviación en el cumplimiento de los objetivos de corto plazo en su cartera de Acero.",TRUE
BBVA,1,alert,Retroceso crítico y falta de transparencia en Acero,"Es imprescindible poner el foco en el incremento del 12% en la intensidad física del sector Acero reportado en 2025 (pág. 166) frente al año anterior (pág. 158). Esta subida brusca se presenta sin una explicación contextual o macroeconómica en el informe, empañando la credibilidad del objetivo a 2030 para esta cartera pesada.",FALSE
BBVA,2,warn,Ruptura de serie histórica en Oil & Gas por inclusión del 'midstream',"La alteración de las emisiones absolutas del año base de la cartera de Oil & Gas (aumento de 0,6 MtCO2e) mejora la exhaustividad, pero rompe la comparabilidad de los avances reportados en 2024, constituyendo un riesgo metodológico al no haberse reformulado con claridad la ambición del porcentaje final de reducción.",FALSE
BBVA,3,warn,Imposibilidad de trazabilidad en el portfolio de Shipping,"La adopción de los Poseidon Principles v4 como marco rector en el informe de 2025 frente al modelo previo de 2024 dificulta el seguimiento continuado del riesgo de transición para los activos marítimos, exigiendo establecer una base puente que permita a los inversores medir la mejora real de los armadores.",FALSE
BBVA,4,info,Fortalecimiento mediante adelantamiento de compromisos en Carbón,"Representa una señal altamente positiva para el mercado la decisión de contraer en dos años (de 2040 a 2038) la meta de eliminación de la exposición global vinculada al carbón térmico, tal como se certifica en la actualización estratégica del informe 2025.",FALSE
