sector,scenario,vintage,metric,unit,year,value
cement,CPS_WEO2025,WEO2025,emission_intensity,kg CO2/t,2020,699.27
cement,CPS_WEO2025,WEO2025,emission_intensity,kg CO2/t,2021,704.34
cement,CPS_WEO2025,WEO2025,emission_intensity,kg CO2/t,2022,709.44
cement,CPS_WEO2025,WEO2025,emission_intensity,kg CO2/t,2023,714.58
cement,CPS_WEO2025,WEO2025,emission_intensity,kg CO2/t,2024,717.12
cement,CPS_WEO2025,WEO2025,emission_intensity,kg CO2/t,2025,715.46
cement,CPS_WEO2025,WEO2025,emission_intensity,kg CO2/t,2026,713.81
cement,CPS_WEO2025,WEO2025,emission_intensity,kg CO2/t,2027,712.19
cement,CPS_WEO2025,WEO2025,emission_intensity,kg CO2/t,2028,710.58
cement,CPS_WEO2025,WEO2025,emission_intensity,kg CO2/t,2029,708.99
cement,CPS_WEO2025,WEO2025,emission_intensity,kg CO2/t,2030,707.42
cement,CPS_WEO2025,WEO2025,emission_intensity,kg CO2/t,2031,705.87
cement,CPS_WEO2025,WEO2025,emission_intensity,kg CO2/t,2032,704.34
cement,CPS_WEO2025,WEO2025,emission_intensity,kg CO2/t,2033,702.82
cement,CPS_WEO2025,WEO2025,emission_intensity,kg CO2/t,2034,701.31
cement,CPS_WEO2025,WEO2025,emission_intensity,kg CO2/t,2035,699.83
cement,CPS_WEO2025,WEO2025,emission_intensity,kg CO2/t,2036,698.36
cement,CPS_WEO2025,WEO2025,emission_intensity,kg CO2/t,2037,696.90
cement,CPS_WEO2025,WEO2025,emission_intensity,kg CO2/t,2038,695.46
cement,CPS_WEO2025,WEO2025,emission_intensity,kg CO2/t,2039,694.03
cement,CPS_WEO2025,WEO2025,emission_intensity,kg CO2/t,2040,692.62
cement,CPS_WEO2025,WEO2025,emission_intensity,kg CO2/t,2041,691.27
cement,CPS_WEO2025,WEO2025,emission_intensity,kg CO2/t,2042,689.92
cement,CPS_WEO2025,WEO2025,emission_intensity,kg CO2/t,2043,688.58
cement,CPS_WEO2025,WEO2025,emission_intensity,kg CO2/t,2044,687.25
cement,CPS_WEO2025,WEO2025,emission_intensity,kg CO2/t,2045,685.93
cement,CPS_WEO2025,WEO2025,emission_intensity,kg CO2/t,2046,684.71
cement,CPS_WEO2025,WEO2025,emission_intensity,kg CO2/t,2047,683.50
cement,CPS_WEO2025,WEO2025,emission_intensity,kg CO2/t,2048,682.28
cement,CPS_WEO2025,WEO2025,emission_intensity,kg CO2/t,2049,681.07
cement,CPS_WEO2025,WEO2025,emission_intensity,kg CO2/t,2050,679.86
cement,STEPS_WEO2025,WEO2025,emission_intensity,kg CO2/t,2020,699.27
cement,STEPS_WEO2025,WEO2025,emission_intensity,kg CO2/t,2021,704.34
cement,STEPS_WEO2025,WEO2025,emission_intensity,kg CO2/t,2022,709.44
cement,STEPS_WEO2025,WEO2025,emission_intensity,kg CO2/t,2023,714.58
cement,STEPS_WEO2025,WEO2025,emission_intensity,kg CO2/t,2024,717.12
cement,STEPS_WEO2025,WEO2025,emission_intensity,kg CO2/t,2025,714.98
cement,STEPS_WEO2025,WEO2025,emission_intensity,kg CO2/t,2026,712.86
cement,STEPS_WEO2025,WEO2025,emission_intensity,kg CO2/t,2027,710.76
cement,STEPS_WEO2025,WEO2025,emission_intensity,kg CO2/t,2028,708.67
cement,STEPS_WEO2025,WEO2025,emission_intensity,kg CO2/t,2029,706.60
cement,STEPS_WEO2025,WEO2025,emission_intensity,kg CO2/t,2030,704.55
cement,STEPS_WEO2025,WEO2025,emission_intensity,kg CO2/t,2031,702.51
cement,STEPS_WEO2025,WEO2025,emission_intensity,kg CO2/t,2032,700.48
cement,STEPS_WEO2025,WEO2025,emission_intensity,kg CO2/t,2033,698.47
cement,STEPS_WEO2025,WEO2025,emission_intensity,kg CO2/t,2034,696.48
cement,STEPS_WEO2025,WEO2025,emission_intensity,kg CO2/t,2035,694.50
cement,STEPS_WEO2025,WEO2025,emission_intensity,kg CO2/t,2036,692.55
cement,STEPS_WEO2025,WEO2025,emission_intensity,kg CO2/t,2037,690.61
cement,STEPS_WEO2025,WEO2025,emission_intensity,kg CO2/t,2038,688.69
cement,STEPS_WEO2025,WEO2025,emission_intensity,kg CO2/t,2039,686.78
cement,STEPS_WEO2025,WEO2025,emission_intensity,kg CO2/t,2040,684.89
cement,STEPS_WEO2025,WEO2025,emission_intensity,kg CO2/t,2041,680.94
cement,STEPS_WEO2025,WEO2025,emission_intensity,kg CO2/t,2042,677.02
cement,STEPS_WEO2025,WEO2025,emission_intensity,kg CO2/t,2043,673.13
cement,STEPS_WEO2025,WEO2025,emission_intensity,kg CO2/t,2044,669.27
cement,STEPS_WEO2025,WEO2025,emission_intensity,kg CO2/t,2045,665.44
cement,STEPS_WEO2025,WEO2025,emission_intensity,kg CO2/t,2046,660.21
cement,STEPS_WEO2025,WEO2025,emission_intensity,kg CO2/t,2047,655.01
cement,STEPS_WEO2025,WEO2025,emission_intensity,kg CO2/t,2048,649.85
cement,STEPS_WEO2025,WEO2025,emission_intensity,kg CO2/t,2049,644.74
cement,STEPS_WEO2025,WEO2025,emission_intensity,kg CO2/t,2050,639.66
cement,NZ_WEO2025,WEO2025,emission_intensity,kg CO2/t,2020,699.27
cement,NZ_WEO2025,WEO2025,emission_intensity,kg CO2/t,2021,704.34
cement,NZ_WEO2025,WEO2025,emission_intensity,kg CO2/t,2022,709.44
cement,NZ_WEO2025,WEO2025,emission_intensity,kg CO2/t,2023,714.58
cement,NZ_WEO2025,WEO2025,emission_intensity,kg CO2/t,2024,717.12
cement,NZ_WEO2025,WEO2025,emission_intensity,kg CO2/t,2025,697.22
cement,NZ_WEO2025,WEO2025,emission_intensity,kg CO2/t,2026,677.26
cement,NZ_WEO2025,WEO2025,emission_intensity,kg CO2/t,2027,657.24
cement,NZ_WEO2025,WEO2025,emission_intensity,kg CO2/t,2028,637.15
cement,NZ_WEO2025,WEO2025,emission_intensity,kg CO2/t,2029,617.00
cement,NZ_WEO2025,WEO2025,emission_intensity,kg CO2/t,2030,596.79
cement,NZ_WEO2025,WEO2025,emission_intensity,kg CO2/t,2031,576.51
cement,NZ_WEO2025,WEO2025,emission_intensity,kg CO2/t,2032,556.16
cement,NZ_WEO2025,WEO2025,emission_intensity,kg CO2/t,2033,535.75
cement,NZ_WEO2025,WEO2025,emission_intensity,kg CO2/t,2034,515.28
cement,NZ_WEO2025,WEO2025,emission_intensity,kg CO2/t,2035,494.74
cement,NZ_WEO2025,WEO2025,emission_intensity,kg CO2/t,2036,451.73
cement,NZ_WEO2025,WEO2025,emission_intensity,kg CO2/t,2037,408.15
cement,NZ_WEO2025,WEO2025,emission_intensity,kg CO2/t,2038,363.99
cement,NZ_WEO2025,WEO2025,emission_intensity,kg CO2/t,2039,319.24
cement,NZ_WEO2025,WEO2025,emission_intensity,kg CO2/t,2040,273.90
cement,NZ_WEO2025,WEO2025,emission_intensity,kg CO2/t,2041,245.02
cement,NZ_WEO2025,WEO2025,emission_intensity,kg CO2/t,2042,215.84
cement,NZ_WEO2025,WEO2025,emission_intensity,kg CO2/t,2043,186.37
cement,NZ_WEO2025,WEO2025,emission_intensity,kg CO2/t,2044,156.60
cement,NZ_WEO2025,WEO2025,emission_intensity,kg CO2/t,2045,126.53
cement,NZ_WEO2025,WEO2025,emission_intensity,kg CO2/t,2046,105.18
cement,NZ_WEO2025,WEO2025,emission_intensity,kg CO2/t,2047,83.52
cement,NZ_WEO2025,WEO2025,emission_intensity,kg CO2/t,2048,61.56
cement,NZ_WEO2025,WEO2025,emission_intensity,kg CO2/t,2049,39.29
cement,NZ_WEO2025,WEO2025,emission_intensity,kg CO2/t,2050,16.71
cement,NZ_WEO2021,WEO2021,emission_intensity,kg CO2/t,2020,699.27
cement,NZ_WEO2021,WEO2021,emission_intensity,kg CO2/t,2021,680.56
cement,NZ_WEO2021,WEO2021,emission_intensity,kg CO2/t,2022,661.84
cement,NZ_WEO2021,WEO2021,emission_intensity,kg CO2/t,2023,643.13
cement,NZ_WEO2021,WEO2021,emission_intensity,kg CO2/t,2024,624.41
cement,NZ_WEO2021,WEO2021,emission_intensity,kg CO2/t,2025,605.70
cement,NZ_WEO2021,WEO2021,emission_intensity,kg CO2/t,2026,581.41
cement,NZ_WEO2021,WEO2021,emission_intensity,kg CO2/t,2027,557.12
cement,NZ_WEO2021,WEO2021,emission_intensity,kg CO2/t,2028,532.83
cement,NZ_WEO2021,WEO2021,emission_intensity,kg CO2/t,2029,508.54
cement,NZ_WEO2021,WEO2021,emission_intensity,kg CO2/t,2030,484.25
cement,NZ_WEO2021,WEO2021,emission_intensity,kg CO2/t,2031,466.40
cement,NZ_WEO2021,WEO2021,emission_intensity,kg CO2/t,2032,448.56
cement,NZ_WEO2021,WEO2021,emission_intensity,kg CO2/t,2033,430.71
cement,NZ_WEO2021,WEO2021,emission_intensity,kg CO2/t,2034,412.87
cement,NZ_WEO2021,WEO2021,emission_intensity,kg CO2/t,2035,395.02
cement,NZ_WEO2021,WEO2021,emission_intensity,kg CO2/t,2036,384.00
cement,NZ_WEO2021,WEO2021,emission_intensity,kg CO2/t,2037,372.97
cement,NZ_WEO2021,WEO2021,emission_intensity,kg CO2/t,2038,361.95
cement,NZ_WEO2021,WEO2021,emission_intensity,kg CO2/t,2039,350.92
cement,NZ_WEO2021,WEO2021,emission_intensity,kg CO2/t,2040,339.90
cement,NZ_WEO2021,WEO2021,emission_intensity,kg CO2/t,2041,330.38
cement,NZ_WEO2021,WEO2021,emission_intensity,kg CO2/t,2042,320.87
cement,NZ_WEO2021,WEO2021,emission_intensity,kg CO2/t,2043,311.35
cement,NZ_WEO2021,WEO2021,emission_intensity,kg CO2/t,2044,301.84
cement,NZ_WEO2021,WEO2021,emission_intensity,kg CO2/t,2045,292.32
cement,NZ_WEO2021,WEO2021,emission_intensity,kg CO2/t,2046,283.47
cement,NZ_WEO2021,WEO2021,emission_intensity,kg CO2/t,2047,274.61
cement,NZ_WEO2021,WEO2021,emission_intensity,kg CO2/t,2048,265.76
cement,NZ_WEO2021,WEO2021,emission_intensity,kg CO2/t,2049,256.91
cement,NZ_WEO2021,WEO2021,emission_intensity,kg CO2/t,2050,248.05
steel,CPS_WEO2025,WEO2025,emission_intensity,kg CO2/t,2020,1271.77
steel,CPS_WEO2025,WEO2025,emission_intensity,kg CO2/t,2021,1261.05
steel,CPS_WEO2025,WEO2025,emission_intensity,kg CO2/t,2022,1250.41
steel,CPS_WEO2025,WEO2025,emission_intensity,kg CO2/t,2023,1239.87
steel,CPS_WEO2025,WEO2025,emission_intensity,kg CO2/t,2024,1248.13
steel,CPS_WEO2025,WEO2025,emission_intensity,kg CO2/t,2025,1237.65
steel,CPS_WEO2025,WEO2025,emission_intensity,kg CO2/t,2026,1227.38
steel,CPS_WEO2025,WEO2025,emission_intensity,kg CO2/t,2027,1217.30
steel,CPS_WEO2025,WEO2025,emission_intensity,kg CO2/t,2028,1207.42
steel,CPS_WEO2025,WEO2025,emission_intensity,kg CO2/t,2029,1197.73
steel,CPS_WEO2025,WEO2025,emission_intensity,kg CO2/t,2030,1188.22
steel,CPS_WEO2025,WEO2025,emission_intensity,kg CO2/t,2031,1178.89
steel,CPS_WEO2025,WEO2025,emission_intensity,kg CO2/t,2032,1169.74
steel,CPS_WEO2025,WEO2025,emission_intensity,kg CO2/t,2033,1160.75
steel,CPS_WEO2025,WEO2025,emission_intensity,kg CO2/t,2034,1151.92
steel,CPS_WEO2025,WEO2025,emission_intensity,kg CO2/t,2035,1143.25
steel,CPS_WEO2025,WEO2025,emission_intensity,kg CO2/t,2036,1134.10
steel,CPS_WEO2025,WEO2025,emission_intensity,kg CO2/t,2037,1125.14
steel,CPS_WEO2025,WEO2025,emission_intensity,kg CO2/t,2038,1116.37
steel,CPS_WEO2025,WEO2025,emission_intensity,kg CO2/t,2039,1107.79
steel,CPS_WEO2025,WEO2025,emission_intensity,kg CO2/t,2040,1099.39
steel,CPS_WEO2025,WEO2025,emission_intensity,kg CO2/t,2041,1090.73
steel,CPS_WEO2025,WEO2025,emission_intensity,kg CO2/t,2042,1082.23
steel,CPS_WEO2025,WEO2025,emission_intensity,kg CO2/t,2043,1073.90
steel,CPS_WEO2025,WEO2025,emission_intensity,kg CO2/t,2044,1065.72
steel,CPS_WEO2025,WEO2025,emission_intensity,kg CO2/t,2045,1057.69
steel,CPS_WEO2025,WEO2025,emission_intensity,kg CO2/t,2046,1049.39
steel,CPS_WEO2025,WEO2025,emission_intensity,kg CO2/t,2047,1041.22
steel,CPS_WEO2025,WEO2025,emission_intensity,kg CO2/t,2048,1033.18
steel,CPS_WEO2025,WEO2025,emission_intensity,kg CO2/t,2049,1025.27
steel,CPS_WEO2025,WEO2025,emission_intensity,kg CO2/t,2050,1017.48
steel,STEPS_WEO2025,WEO2025,emission_intensity,kg CO2/t,2020,1271.77
steel,STEPS_WEO2025,WEO2025,emission_intensity,kg CO2/t,2021,1261.05
steel,STEPS_WEO2025,WEO2025,emission_intensity,kg CO2/t,2022,1250.41
steel,STEPS_WEO2025,WEO2025,emission_intensity,kg CO2/t,2023,1239.87
steel,STEPS_WEO2025,WEO2025,emission_intensity,kg CO2/t,2024,1248.13
steel,STEPS_WEO2025,WEO2025,emission_intensity,kg CO2/t,2025,1229.98
steel,STEPS_WEO2025,WEO2025,emission_intensity,kg CO2/t,2026,1212.19
steel,STEPS_WEO2025,WEO2025,emission_intensity,kg CO2/t,2027,1194.74
steel,STEPS_WEO2025,WEO2025,emission_intensity,kg CO2/t,2028,1177.62
steel,STEPS_WEO2025,WEO2025,emission_intensity,kg CO2/t,2029,1160.83
steel,STEPS_WEO2025,WEO2025,emission_intensity,kg CO2/t,2030,1144.35
steel,STEPS_WEO2025,WEO2025,emission_intensity,kg CO2/t,2031,1128.18
steel,STEPS_WEO2025,WEO2025,emission_intensity,kg CO2/t,2032,1112.31
steel,STEPS_WEO2025,WEO2025,emission_intensity,kg CO2/t,2033,1096.73
steel,STEPS_WEO2025,WEO2025,emission_intensity,kg CO2/t,2034,1081.43
steel,STEPS_WEO2025,WEO2025,emission_intensity,kg CO2/t,2035,1066.40
steel,STEPS_WEO2025,WEO2025,emission_intensity,kg CO2/t,2036,1052.67
steel,STEPS_WEO2025,WEO2025,emission_intensity,kg CO2/t,2037,1039.21
steel,STEPS_WEO2025,WEO2025,emission_intensity,kg CO2/t,2038,1025.99
steel,STEPS_WEO2025,WEO2025,emission_intensity,kg CO2/t,2039,1013.02
steel,STEPS_WEO2025,WEO2025,emission_intensity,kg CO2/t,2040,1000.29
steel,STEPS_WEO2025,WEO2025,emission_intensity,kg CO2/t,2041,985.48
steel,STEPS_WEO2025,WEO2025,emission_intensity,kg CO2/t,2042,970.94
steel,STEPS_WEO2025,WEO2025,emission_intensity,kg CO2/t,2043,956.68
steel,STEPS_WEO2025,WEO2025,emission_intensity,kg CO2/t,2044,942.69
steel,STEPS_WEO2025,WEO2025,emission_intensity,kg CO2/t,2045,928.95
steel,STEPS_WEO2025,WEO2025,emission_intensity,kg CO2/t,2046,912.70
steel,STEPS_WEO2025,WEO2025,emission_intensity,kg CO2/t,2047,896.75
steel,STEPS_WEO2025,WEO2025,emission_intensity,kg CO2/t,2048,881.11
steel,STEPS_WEO2025,WEO2025,emission_intensity,kg CO2/t,2049,865.75
steel,STEPS_WEO2025,WEO2025,emission_intensity,kg CO2/t,2050,850.68
steel,NZ_WEO2025,WEO2025,emission_intensity,kg CO2/t,2020,1271.77
steel,NZ_WEO2025,WEO2025,emission_intensity,kg CO2/t,2021,1261.05
steel,NZ_WEO2025,WEO2025,emission_intensity,kg CO2/t,2022,1250.41
steel,NZ_WEO2025,WEO2025,emission_intensity,kg CO2/t,2023,1239.87
steel,NZ_WEO2025,WEO2025,emission_intensity,kg CO2/t,2024,1248.13
steel,NZ_WEO2025,WEO2025,emission_intensity,kg CO2/t,2025,1210.30
steel,NZ_WEO2025,WEO2025,emission_intensity,kg CO2/t,2026,1172.70
steel,NZ_WEO2025,WEO2025,emission_intensity,kg CO2/t,2027,1135.33
steel,NZ_WEO2025,WEO2025,emission_intensity,kg CO2/t,2028,1098.18
steel,NZ_WEO2025,WEO2025,emission_intensity,kg CO2/t,2029,1061.25
steel,NZ_WEO2025,WEO2025,emission_intensity,kg CO2/t,2030,1024.55
steel,NZ_WEO2025,WEO2025,emission_intensity,kg CO2/t,2031,988.06
steel,NZ_WEO2025,WEO2025,emission_intensity,kg CO2/t,2032,951.79
steel,NZ_WEO2025,WEO2025,emission_intensity,kg CO2/t,2033,915.73
steel,NZ_WEO2025,WEO2025,emission_intensity,kg CO2/t,2034,879.89
steel,NZ_WEO2025,WEO2025,emission_intensity,kg CO2/t,2035,844.26
steel,NZ_WEO2025,WEO2025,emission_intensity,kg CO2/t,2036,783.05
steel,NZ_WEO2025,WEO2025,emission_intensity,kg CO2/t,2037,721.81
steel,NZ_WEO2025,WEO2025,emission_intensity,kg CO2/t,2038,660.54
steel,NZ_WEO2025,WEO2025,emission_intensity,kg CO2/t,2039,599.25
steel,NZ_WEO2025,WEO2025,emission_intensity,kg CO2/t,2040,537.92
steel,NZ_WEO2025,WEO2025,emission_intensity,kg CO2/t,2041,486.39
steel,NZ_WEO2025,WEO2025,emission_intensity,kg CO2/t,2042,434.71
steel,NZ_WEO2025,WEO2025,emission_intensity,kg CO2/t,2043,382.88
steel,NZ_WEO2025,WEO2025,emission_intensity,kg CO2/t,2044,330.90
steel,NZ_WEO2025,WEO2025,emission_intensity,kg CO2/t,2045,278.77
steel,NZ_WEO2025,WEO2025,emission_intensity,kg CO2/t,2046,242.43
steel,NZ_WEO2025,WEO2025,emission_intensity,kg CO2/t,2047,205.99
steel,NZ_WEO2025,WEO2025,emission_intensity,kg CO2/t,2048,169.46
steel,NZ_WEO2025,WEO2025,emission_intensity,kg CO2/t,2049,132.83
steel,NZ_WEO2025,WEO2025,emission_intensity,kg CO2/t,2050,96.10
steel,NZ_WEO2021,WEO2021,emission_intensity,kg CO2/t,2020,1271.77
steel,NZ_WEO2021,WEO2021,emission_intensity,kg CO2/t,2021,1226.27
steel,NZ_WEO2021,WEO2021,emission_intensity,kg CO2/t,2022,1180.77
steel,NZ_WEO2021,WEO2021,emission_intensity,kg CO2/t,2023,1135.28
steel,NZ_WEO2021,WEO2021,emission_intensity,kg CO2/t,2024,1089.78
steel,NZ_WEO2021,WEO2021,emission_intensity,kg CO2/t,2025,1044.28
steel,NZ_WEO2021,WEO2021,emission_intensity,kg CO2/t,2026,969.05
steel,NZ_WEO2021,WEO2021,emission_intensity,kg CO2/t,2027,893.83
steel,NZ_WEO2021,WEO2021,emission_intensity,kg CO2/t,2028,818.60
steel,NZ_WEO2021,WEO2021,emission_intensity,kg CO2/t,2029,743.38
steel,NZ_WEO2021,WEO2021,emission_intensity,kg CO2/t,2030,668.15
steel,NZ_WEO2021,WEO2021,emission_intensity,kg CO2/t,2031,613.90
steel,NZ_WEO2021,WEO2021,emission_intensity,kg CO2/t,2032,559.65
steel,NZ_WEO2021,WEO2021,emission_intensity,kg CO2/t,2033,505.40
steel,NZ_WEO2021,WEO2021,emission_intensity,kg CO2/t,2034,451.15
steel,NZ_WEO2021,WEO2021,emission_intensity,kg CO2/t,2035,396.90
steel,NZ_WEO2021,WEO2021,emission_intensity,kg CO2/t,2036,364.37
steel,NZ_WEO2021,WEO2021,emission_intensity,kg CO2/t,2037,331.84
steel,NZ_WEO2021,WEO2021,emission_intensity,kg CO2/t,2038,299.31
steel,NZ_WEO2021,WEO2021,emission_intensity,kg CO2/t,2039,266.78
steel,NZ_WEO2021,WEO2021,emission_intensity,kg CO2/t,2040,234.25
steel,NZ_WEO2021,WEO2021,emission_intensity,kg CO2/t,2041,213.31
steel,NZ_WEO2021,WEO2021,emission_intensity,kg CO2/t,2042,192.38
steel,NZ_WEO2021,WEO2021,emission_intensity,kg CO2/t,2043,171.45
steel,NZ_WEO2021,WEO2021,emission_intensity,kg CO2/t,2044,150.51
steel,NZ_WEO2021,WEO2021,emission_intensity,kg CO2/t,2045,129.58
steel,NZ_WEO2021,WEO2021,emission_intensity,kg CO2/t,2046,116.81
steel,NZ_WEO2021,WEO2021,emission_intensity,kg CO2/t,2047,104.04
steel,NZ_WEO2021,WEO2021,emission_intensity,kg CO2/t,2048,91.28
steel,NZ_WEO2021,WEO2021,emission_intensity,kg CO2/t,2049,78.51
steel,NZ_WEO2021,WEO2021,emission_intensity,kg CO2/t,2050,65.74
aviation,CPS_WEO2025,WEO2025,emission_intensity,g CO2/pkm,2022,102.68
aviation,CPS_WEO2025,WEO2025,emission_intensity,g CO2/pkm,2023,101.27
aviation,CPS_WEO2025,WEO2025,emission_intensity,g CO2/pkm,2024,97.11
aviation,CPS_WEO2025,WEO2025,emission_intensity,g CO2/pkm,2025,95.52
aviation,CPS_WEO2025,WEO2025,emission_intensity,g CO2/pkm,2026,94.06
aviation,CPS_WEO2025,WEO2025,emission_intensity,g CO2/pkm,2027,92.71
aviation,CPS_WEO2025,WEO2025,emission_intensity,g CO2/pkm,2028,91.47
aviation,CPS_WEO2025,WEO2025,emission_intensity,g CO2/pkm,2029,90.32
aviation,CPS_WEO2025,WEO2025,emission_intensity,g CO2/pkm,2030,89.25
aviation,CPS_WEO2025,WEO2025,emission_intensity,g CO2/pkm,2031,88.25
aviation,CPS_WEO2025,WEO2025,emission_intensity,g CO2/pkm,2032,87.32
aviation,CPS_WEO2025,WEO2025,emission_intensity,g CO2/pkm,2033,86.44
aviation,CPS_WEO2025,WEO2025,emission_intensity,g CO2/pkm,2034,85.62
aviation,CPS_WEO2025,WEO2025,emission_intensity,g CO2/pkm,2035,84.85
aviation,CPS_WEO2025,WEO2025,emission_intensity,g CO2/pkm,2036,84.15
aviation,CPS_WEO2025,WEO2025,emission_intensity,g CO2/pkm,2037,83.48
aviation,CPS_WEO2025,WEO2025,emission_intensity,g CO2/pkm,2038,82.84
aviation,CPS_WEO2025,WEO2025,emission_intensity,g CO2/pkm,2039,82.24
aviation,CPS_WEO2025,WEO2025,emission_intensity,g CO2/pkm,2040,81.66
aviation,CPS_WEO2025,WEO2025,emission_intensity,g CO2/pkm,2041,81.14
aviation,CPS_WEO2025,WEO2025,emission_intensity,g CO2/pkm,2042,80.65
aviation,CPS_WEO2025,WEO2025,emission_intensity,g CO2/pkm,2043,80.17
aviation,CPS_WEO2025,WEO2025,emission_intensity,g CO2/pkm,2044,79.72
aviation,CPS_WEO2025,WEO2025,emission_intensity,g CO2/pkm,2045,79.29
aviation,CPS_WEO2025,WEO2025,emission_intensity,g CO2/pkm,2046,78.39
aviation,CPS_WEO2025,WEO2025,emission_intensity,g CO2/pkm,2047,77.53
aviation,CPS_WEO2025,WEO2025,emission_intensity,g CO2/pkm,2048,76.69
aviation,CPS_WEO2025,WEO2025,emission_intensity,g CO2/pkm,2049,75.89
aviation,CPS_WEO2025,WEO2025,emission_intensity,g CO2/pkm,2050,75.11
aviation,STEPS_WEO2025,WEO2025,emission_intensity,g CO2/pkm,2022,102.68
aviation,STEPS_WEO2025,WEO2025,emission_intensity,g CO2/pkm,2023,101.27
aviation,STEPS_WEO2025,WEO2025,emission_intensity,g CO2/pkm,2024,97.11
aviation,STEPS_WEO2025,WEO2025,emission_intensity,g CO2/pkm,2025,96.38
aviation,STEPS_WEO2025,WEO2025,emission_intensity,g CO2/pkm,2026,95.70
aviation,STEPS_WEO2025,WEO2025,emission_intensity,g CO2/pkm,2027,95.07
aviation,STEPS_WEO2025,WEO2025,emission_intensity,g CO2/pkm,2028,94.48
aviation,STEPS_WEO2025,WEO2025,emission_intensity,g CO2/pkm,2029,93.92
aviation,STEPS_WEO2025,WEO2025,emission_intensity,g CO2/pkm,2030,93.40
aviation,STEPS_WEO2025,WEO2025,emission_intensity,g CO2/pkm,2031,92.91
aviation,STEPS_WEO2025,WEO2025,emission_intensity,g CO2/pkm,2032,92.44
aviation,STEPS_WEO2025,WEO2025,emission_intensity,g CO2/pkm,2033,92.00
aviation,STEPS_WEO2025,WEO2025,emission_intensity,g CO2/pkm,2034,91.58
aviation,STEPS_WEO2025,WEO2025,emission_intensity,g CO2/pkm,2035,91.19
aviation,STEPS_WEO2025,WEO2025,emission_intensity,g CO2/pkm,2036,89.45
aviation,STEPS_WEO2025,WEO2025,emission_intensity,g CO2/pkm,2037,87.82
aviation,STEPS_WEO2025,WEO2025,emission_intensity,g CO2/pkm,2038,86.28
aviation,STEPS_WEO2025,WEO2025,emission_intensity,g CO2/pkm,2039,84.83
aviation,STEPS_WEO2025,WEO2025,emission_intensity,g CO2/pkm,2040,83.47
aviation,STEPS_WEO2025,WEO2025,emission_intensity,g CO2/pkm,2041,81.80
aviation,STEPS_WEO2025,WEO2025,emission_intensity,g CO2/pkm,2042,80.23
aviation,STEPS_WEO2025,WEO2025,emission_intensity,g CO2/pkm,2043,78.76
aviation,STEPS_WEO2025,WEO2025,emission_intensity,g CO2/pkm,2044,77.37
aviation,STEPS_WEO2025,WEO2025,emission_intensity,g CO2/pkm,2045,76.06
aviation,STEPS_WEO2025,WEO2025,emission_intensity,g CO2/pkm,2046,74.07
aviation,STEPS_WEO2025,WEO2025,emission_intensity,g CO2/pkm,2047,72.20
aviation,STEPS_WEO2025,WEO2025,emission_intensity,g CO2/pkm,2048,70.44
aviation,STEPS_WEO2025,WEO2025,emission_intensity,g CO2/pkm,2049,68.79
aviation,STEPS_WEO2025,WEO2025,emission_intensity,g CO2/pkm,2050,67.22
aviation,NZ_WEO2025,WEO2025,emission_intensity,g CO2/pkm,2022,102.68
aviation,NZ_WEO2025,WEO2025,emission_intensity,g CO2/pkm,2023,101.27
aviation,NZ_WEO2025,WEO2025,emission_intensity,g CO2/pkm,2024,97.11
aviation,NZ_WEO2025,WEO2025,emission_intensity,g CO2/pkm,2025,94.09
aviation,NZ_WEO2025,WEO2025,emission_intensity,g CO2/pkm,2026,91.26
aviation,NZ_WEO2025,WEO2025,emission_intensity,g CO2/pkm,2027,88.60
aviation,NZ_WEO2025,WEO2025,emission_intensity,g CO2/pkm,2028,86.08
aviation,NZ_WEO2025,WEO2025,emission_intensity,g CO2/pkm,2029,83.71
aviation,NZ_WEO2025,WEO2025,emission_intensity,g CO2/pkm,2030,81.46
aviation,NZ_WEO2025,WEO2025,emission_intensity,g CO2/pkm,2031,79.33
aviation,NZ_WEO2025,WEO2025,emission_intensity,g CO2/pkm,2032,77.30
aviation,NZ_WEO2025,WEO2025,emission_intensity,g CO2/pkm,2033,75.38
aviation,NZ_WEO2025,WEO2025,emission_intensity,g CO2/pkm,2034,73.55
aviation,NZ_WEO2025,WEO2025,emission_intensity,g CO2/pkm,2035,71.81
aviation,NZ_WEO2025,WEO2025,emission_intensity,g CO2/pkm,2036,68.22
aviation,NZ_WEO2025,WEO2025,emission_intensity,g CO2/pkm,2037,64.69
aviation,NZ_WEO2025,WEO2025,emission_intensity,g CO2/pkm,2038,61.22
aviation,NZ_WEO2025,WEO2025,emission_intensity,g CO2/pkm,2039,57.82
aviation,NZ_WEO2025,WEO2025,emission_intensity,g CO2/pkm,2040,54.47
aviation,NZ_WEO2025,WEO2025,emission_intensity,g CO2/pkm,2041,50.85
aviation,NZ_WEO2025,WEO2025,emission_intensity,g CO2/pkm,2042,47.32
aviation,NZ_WEO2025,WEO2025,emission_intensity,g CO2/pkm,2043,43.89
aviation,NZ_WEO2025,WEO2025,emission_intensity,g CO2/pkm,2044,40.55
aviation,NZ_WEO2025,WEO2025,emission_intensity,g CO2/pkm,2045,37.30
aviation,NZ_WEO2025,WEO2025,emission_intensity,g CO2/pkm,2046,33.30
aviation,NZ_WEO2025,WEO2025,emission_intensity,g CO2/pkm,2047,29.43
aviation,NZ_WEO2025,WEO2025,emission_intensity,g CO2/pkm,2048,25.66
aviation,NZ_WEO2025,WEO2025,emission_intensity,g CO2/pkm,2049,22.01
aviation,NZ_WEO2025,WEO2025,emission_intensity,g CO2/pkm,2050,18.46
aviation,NZ_WEO2021,WEO2021,emission_intensity,g CO2/pkm,2022,102.68
aviation,NZ_WEO2021,WEO2021,emission_intensity,g CO2/pkm,2023,98.88
aviation,NZ_WEO2021,WEO2021,emission_intensity,g CO2/pkm,2024,95.08
aviation,NZ_WEO2021,WEO2021,emission_intensity,g CO2/pkm,2025,91.27
aviation,NZ_WEO2021,WEO2021,emission_intensity,g CO2/pkm,2026,86.87
aviation,NZ_WEO2021,WEO2021,emission_intensity,g CO2/pkm,2027,82.47
aviation,NZ_WEO2021,WEO2021,emission_intensity,g CO2/pkm,2028,78.05
aviation,NZ_WEO2021,WEO2021,emission_intensity,g CO2/pkm,2029,73.65
aviation,NZ_WEO2021,WEO2021,emission_intensity,g CO2/pkm,2030,69.25
aviation,NZ_WEO2021,WEO2021,emission_intensity,g CO2/pkm,2031,67.26
aviation,NZ_WEO2021,WEO2021,emission_intensity,g CO2/pkm,2032,65.28
aviation,NZ_WEO2021,WEO2021,emission_intensity,g CO2/pkm,2033,63.28
aviation,NZ_WEO2021,WEO2021,emission_intensity,g CO2/pkm,2034,61.30
aviation,NZ_WEO2021,WEO2021,emission_intensity,g CO2/pkm,2035,59.31
aviation,NZ_WEO2021,WEO2021,emission_intensity,g CO2/pkm,2036,56.24
aviation,NZ_WEO2021,WEO2021,emission_intensity,g CO2/pkm,2037,53.17
aviation,NZ_WEO2021,WEO2021,emission_intensity,g CO2/pkm,2038,50.12
aviation,NZ_WEO2021,WEO2021,emission_intensity,g CO2/pkm,2039,47.05
aviation,NZ_WEO2021,WEO2021,emission_intensity,g CO2/pkm,2040,43.98
aviation,NZ_WEO2021,WEO2021,emission_intensity,g CO2/pkm,2041,37.78
aviation,NZ_WEO2021,WEO2021,emission_intensity,g CO2/pkm,2042,31.59
aviation,NZ_WEO2021,WEO2021,emission_intensity,g CO2/pkm,2043,25.39
aviation,NZ_WEO2021,WEO2021,emission_intensity,g CO2/pkm,2044,19.20
aviation,NZ_WEO2021,WEO2021,emission_intensity,g CO2/pkm,2045,12.99
aviation,NZ_WEO2021,WEO2021,emission_intensity,g CO2/pkm,2046,10.40
aviation,NZ_WEO2021,WEO2021,emission_intensity,g CO2/pkm,2047,7.80
aviation,NZ_WEO2021,WEO2021,emission_intensity,g CO2/pkm,2048,5.19
aviation,NZ_WEO2021,WEO2021,emission_intensity,g CO2/pkm,2049,2.60
aviation,NZ_WEO2021,WEO2021,emission_intensity,g CO2/pkm,2050,0.00
autos,CPS_WEO2025,WEO2025,emission_intensity,g CO2/km,2020,199.97
autos,CPS_WEO2025,WEO2025,emission_intensity,g CO2/km,2021,196.164
autos,CPS_WEO2025,WEO2025,emission_intensity,g CO2/km,2022,192.433
autos,CPS_WEO2025,WEO2025,emission_intensity,g CO2/km,2023,188.773
autos,CPS_WEO2025,WEO2025,emission_intensity,g CO2/km,2024,184.245
autos,CPS_WEO2025,WEO2025,emission_intensity,g CO2/km,2025,177.939
autos,CPS_WEO2025,WEO2025,emission_intensity,g CO2/km,2026,171.985
autos,CPS_WEO2025,WEO2025,emission_intensity,g CO2/km,2027,166.354
autos,CPS_WEO2025,WEO2025,emission_intensity,g CO2/km,2028,161.020
autos,CPS_WEO2025,WEO2025,emission_intensity,g CO2/km,2029,155.961
autos,CPS_WEO2025,WEO2025,emission_intensity,g CO2/km,2030,151.155
autos,CPS_WEO2025,WEO2025,emission_intensity,g CO2/km,2031,146.585
autos,CPS_WEO2025,WEO2025,emission_intensity,g CO2/km,2032,142.232
autos,CPS_WEO2025,WEO2025,emission_intensity,g CO2/km,2033,138.083
autos,CPS_WEO2025,WEO2025,emission_intensity,g CO2/km,2034,134.123
autos,CPS_WEO2025,WEO2025,emission_intensity,g CO2/km,2035,130.339
autos,CPS_WEO2025,WEO2025,emission_intensity,g CO2/km,2036,126.674
autos,CPS_WEO2025,WEO2025,emission_intensity,g CO2/km,2037,123.192
autos,CPS_WEO2025,WEO2025,emission_intensity,g CO2/km,2038,119.879
autos,CPS_WEO2025,WEO2025,emission_intensity,g CO2/km,2039,116.723
autos,CPS_WEO2025,WEO2025,emission_intensity,g CO2/km,2040,113.714
autos,CPS_WEO2025,WEO2025,emission_intensity,g CO2/km,2041,111.750
autos,CPS_WEO2025,WEO2025,emission_intensity,g CO2/km,2042,109.865
autos,CPS_WEO2025,WEO2025,emission_intensity,g CO2/km,2043,108.055
autos,CPS_WEO2025,WEO2025,emission_intensity,g CO2/km,2044,106.315
autos,CPS_WEO2025,WEO2025,emission_intensity,g CO2/km,2045,104.641
autos,CPS_WEO2025,WEO2025,emission_intensity,g CO2/km,2046,103.618
autos,CPS_WEO2025,WEO2025,emission_intensity,g CO2/km,2047,102.628
autos,CPS_WEO2025,WEO2025,emission_intensity,g CO2/km,2048,101.669
autos,CPS_WEO2025,WEO2025,emission_intensity,g CO2/km,2049,100.740
autos,CPS_WEO2025,WEO2025,emission_intensity,g CO2/km,2050,99.840
autos,STEPS_WEO2025,WEO2025,emission_intensity,g CO2/km,2020,199.97
autos,STEPS_WEO2025,WEO2025,emission_intensity,g CO2/km,2021,196.16
autos,STEPS_WEO2025,WEO2025,emission_intensity,g CO2/km,2022,192.43
autos,STEPS_WEO2025,WEO2025,emission_intensity,g CO2/km,2023,188.77
autos,STEPS_WEO2025,WEO2025,emission_intensity,g CO2/km,2024,184.24
autos,STEPS_WEO2025,WEO2025,emission_intensity,g CO2/km,2025,177.65
autos,STEPS_WEO2025,WEO2025,emission_intensity,g CO2/km,2026,171.38
autos,STEPS_WEO2025,WEO2025,emission_intensity,g CO2/km,2027,165.41
autos,STEPS_WEO2025,WEO2025,emission_intensity,g CO2/km,2028,159.73
autos,STEPS_WEO2025,WEO2025,emission_intensity,g CO2/km,2029,154.30
autos,STEPS_WEO2025,WEO2025,emission_intensity,g CO2/km,2030,149.12
autos,STEPS_WEO2025,WEO2025,emission_intensity,g CO2/km,2031,144.17
autos,STEPS_WEO2025,WEO2025,emission_intensity,g CO2/km,2032,139.43
autos,STEPS_WEO2025,WEO2025,emission_intensity,g CO2/km,2033,134.88
autos,STEPS_WEO2025,WEO2025,emission_intensity,g CO2/km,2034,130.53
autos,STEPS_WEO2025,WEO2025,emission_intensity,g CO2/km,2035,126.35
autos,STEPS_WEO2025,WEO2025,emission_intensity,g CO2/km,2036,121.53
autos,STEPS_WEO2025,WEO2025,emission_intensity,g CO2/km,2037,116.92
autos,STEPS_WEO2025,WEO2025,emission_intensity,g CO2/km,2038,112.53
autos,STEPS_WEO2025,WEO2025,emission_intensity,g CO2/km,2039,108.33
autos,STEPS_WEO2025,WEO2025,emission_intensity,g CO2/km,2040,104.31
autos,STEPS_WEO2025,WEO2025,emission_intensity,g CO2/km,2041,100.80
autos,STEPS_WEO2025,WEO2025,emission_intensity,g CO2/km,2042,97.45
autos,STEPS_WEO2025,WEO2025,emission_intensity,g CO2/km,2043,94.26
autos,STEPS_WEO2025,WEO2025,emission_intensity,g CO2/km,2044,91.20
autos,STEPS_WEO2025,WEO2025,emission_intensity,g CO2/km,2045,88.28
autos,STEPS_WEO2025,WEO2025,emission_intensity,g CO2/km,2046,85.68
autos,STEPS_WEO2025,WEO2025,emission_intensity,g CO2/km,2047,83.20
autos,STEPS_WEO2025,WEO2025,emission_intensity,g CO2/km,2048,80.83
autos,STEPS_WEO2025,WEO2025,emission_intensity,g CO2/km,2049,78.56
autos,STEPS_WEO2025,WEO2025,emission_intensity,g CO2/km,2050,76.39
autos,NZ_WEO2025,WEO2025,emission_intensity,g CO2/km,2020,199.97
autos,NZ_WEO2025,WEO2025,emission_intensity,g CO2/km,2021,196.16
autos,NZ_WEO2025,WEO2025,emission_intensity,g CO2/km,2022,192.43
autos,NZ_WEO2025,WEO2025,emission_intensity,g CO2/km,2023,188.77
autos,NZ_WEO2025,WEO2025,emission_intensity,g CO2/km,2024,184.24
autos,NZ_WEO2025,WEO2025,emission_intensity,g CO2/km,2025,171.69
autos,NZ_WEO2025,WEO2025,emission_intensity,g CO2/km,2026,159.71
autos,NZ_WEO2025,WEO2025,emission_intensity,g CO2/km,2027,148.26
autos,NZ_WEO2025,WEO2025,emission_intensity,g CO2/km,2028,137.32
autos,NZ_WEO2025,WEO2025,emission_intensity,g CO2/km,2029,126.83
autos,NZ_WEO2025,WEO2025,emission_intensity,g CO2/km,2030,116.79
autos,NZ_WEO2025,WEO2025,emission_intensity,g CO2/km,2031,107.16
autos,NZ_WEO2025,WEO2025,emission_intensity,g CO2/km,2032,97.91
autos,NZ_WEO2025,WEO2025,emission_intensity,g CO2/km,2033,89.02
autos,NZ_WEO2025,WEO2025,emission_intensity,g CO2/km,2034,80.48
autos,NZ_WEO2025,WEO2025,emission_intensity,g CO2/km,2035,72.26
autos,NZ_WEO2025,WEO2025,emission_intensity,g CO2/km,2036,63.46
autos,NZ_WEO2025,WEO2025,emission_intensity,g CO2/km,2037,55.02
autos,NZ_WEO2025,WEO2025,emission_intensity,g CO2/km,2038,46.91
autos,NZ_WEO2025,WEO2025,emission_intensity,g CO2/km,2039,39.12
autos,NZ_WEO2025,WEO2025,emission_intensity,g CO2/km,2040,31.63
autos,NZ_WEO2025,WEO2025,emission_intensity,g CO2/km,2041,27.47
autos,NZ_WEO2025,WEO2025,emission_intensity,g CO2/km,2042,23.42
autos,NZ_WEO2025,WEO2025,emission_intensity,g CO2/km,2043,19.49
autos,NZ_WEO2025,WEO2025,emission_intensity,g CO2/km,2044,15.67
autos,NZ_WEO2025,WEO2025,emission_intensity,g CO2/km,2045,11.94
autos,NZ_WEO2025,WEO2025,emission_intensity,g CO2/km,2046,10.29
autos,NZ_WEO2025,WEO2025,emission_intensity,g CO2/km,2047,8.69
autos,NZ_WEO2025,WEO2025,emission_intensity,g CO2/km,2048,7.14
autos,NZ_WEO2025,WEO2025,emission_intensity,g CO2/km,2049,5.63
autos,NZ_WEO2025,WEO2025,emission_intensity,g CO2/km,2050,4.17
autos,NZ_WEO2021,WEO2021,emission_intensity,g CO2/km,2020,199.97
autos,NZ_WEO2021,WEO2021,emission_intensity,g CO2/km,2021,187.84
autos,NZ_WEO2021,WEO2021,emission_intensity,g CO2/km,2022,176.44
autos,NZ_WEO2021,WEO2021,emission_intensity,g CO2/km,2023,165.73
autos,NZ_WEO2021,WEO2021,emission_intensity,g CO2/km,2024,155.67
autos,NZ_WEO2021,WEO2021,emission_intensity,g CO2/km,2025,146.22
autos,NZ_WEO2021,WEO2021,emission_intensity,g CO2/km,2026,137.35
autos,NZ_WEO2021,WEO2021,emission_intensity,g CO2/km,2027,129.00
autos,NZ_WEO2021,WEO2021,emission_intensity,g CO2/km,2028,121.17
autos,NZ_WEO2021,WEO2021,emission_intensity,g CO2/km,2029,113.81
autos,NZ_WEO2021,WEO2021,emission_intensity,g CO2/km,2030,106.89
autos,NZ_WEO2021,WEO2021,emission_intensity,g CO2/km,2031,93.99
autos,NZ_WEO2021,WEO2021,emission_intensity,g CO2/km,2032,82.63
autos,NZ_WEO2021,WEO2021,emission_intensity,g CO2/km,2033,72.66
autos,NZ_WEO2021,WEO2021,emission_intensity,g CO2/km,2034,63.87
autos,NZ_WEO2021,WEO2021,emission_intensity,g CO2/km,2035,56.15
autos,NZ_WEO2021,WEO2021,emission_intensity,g CO2/km,2036,49.35
autos,NZ_WEO2021,WEO2021,emission_intensity,g CO2/km,2037,43.38
autos,NZ_WEO2021,WEO2021,emission_intensity,g CO2/km,2038,38.13
autos,NZ_WEO2021,WEO2021,emission_intensity,g CO2/km,2039,33.50
autos,NZ_WEO2021,WEO2021,emission_intensity,g CO2/km,2040,29.44
autos,NZ_WEO2021,WEO2021,emission_intensity,g CO2/km,2041,23.80
autos,NZ_WEO2021,WEO2021,emission_intensity,g CO2/km,2042,19.23
autos,NZ_WEO2021,WEO2021,emission_intensity,g CO2/km,2043,15.53
autos,NZ_WEO2021,WEO2021,emission_intensity,g CO2/km,2044,12.53
autos,NZ_WEO2021,WEO2021,emission_intensity,g CO2/km,2045,10.11
autos,NZ_WEO2021,WEO2021,emission_intensity,g CO2/km,2046,8.14
autos,NZ_WEO2021,WEO2021,emission_intensity,g CO2/km,2047,6.55
autos,NZ_WEO2021,WEO2021,emission_intensity,g CO2/km,2048,5.27
autos,NZ_WEO2021,WEO2021,emission_intensity,g CO2/km,2049,4.22
autos,NZ_WEO2021,WEO2021,emission_intensity,g CO2/km,2050,3.37
power,CPS_WEO2025,WEO2025,emission_intensity,kg CO2e/MWh,2020,227.87
power,CPS_WEO2025,WEO2025,emission_intensity,kg CO2e/MWh,2021,224.996
power,CPS_WEO2025,WEO2025,emission_intensity,kg CO2e/MWh,2022,222.155
power,CPS_WEO2025,WEO2025,emission_intensity,kg CO2e/MWh,2023,219.351
power,CPS_WEO2025,WEO2025,emission_intensity,kg CO2e/MWh,2024,213.668
power,CPS_WEO2025,WEO2025,emission_intensity,kg CO2e/MWh,2025,206.875
power,CPS_WEO2025,WEO2025,emission_intensity,kg CO2e/MWh,2026,200.297
power,CPS_WEO2025,WEO2025,emission_intensity,kg CO2e/MWh,2027,193.928
power,CPS_WEO2025,WEO2025,emission_intensity,kg CO2e/MWh,2028,187.762
power,CPS_WEO2025,WEO2025,emission_intensity,kg CO2e/MWh,2029,181.792
power,CPS_WEO2025,WEO2025,emission_intensity,kg CO2e/MWh,2030,176.012
power,CPS_WEO2025,WEO2025,emission_intensity,kg CO2e/MWh,2031,170.415
power,CPS_WEO2025,WEO2025,emission_intensity,kg CO2e/MWh,2032,164.997
power,CPS_WEO2025,WEO2025,emission_intensity,kg CO2e/MWh,2033,159.751
power,CPS_WEO2025,WEO2025,emission_intensity,kg CO2e/MWh,2034,154.671
power,CPS_WEO2025,WEO2025,emission_intensity,kg CO2e/MWh,2035,149.753
power,CPS_WEO2025,WEO2025,emission_intensity,kg CO2e/MWh,2036,144.992
power,CPS_WEO2025,WEO2025,emission_intensity,kg CO2e/MWh,2037,140.382
power,CPS_WEO2025,WEO2025,emission_intensity,kg CO2e/MWh,2038,135.918
power,CPS_WEO2025,WEO2025,emission_intensity,kg CO2e/MWh,2039,131.597
power,CPS_WEO2025,WEO2025,emission_intensity,kg CO2e/MWh,2040,127.412
power,CPS_WEO2025,WEO2025,emission_intensity,kg CO2e/MWh,2041,123.361
power,CPS_WEO2025,WEO2025,emission_intensity,kg CO2e/MWh,2042,119.439
power,CPS_WEO2025,WEO2025,emission_intensity,kg CO2e/MWh,2043,115.641
power,CPS_WEO2025,WEO2025,emission_intensity,kg CO2e/MWh,2044,111.964
power,CPS_WEO2025,WEO2025,emission_intensity,kg CO2e/MWh,2045,108.404
power,CPS_WEO2025,WEO2025,emission_intensity,kg CO2e/MWh,2046,104.957
power,CPS_WEO2025,WEO2025,emission_intensity,kg CO2e/MWh,2047,101.620
power,CPS_WEO2025,WEO2025,emission_intensity,kg CO2e/MWh,2048,98.389
power,CPS_WEO2025,WEO2025,emission_intensity,kg CO2e/MWh,2049,95.261
power,CPS_WEO2025,WEO2025,emission_intensity,kg CO2e/MWh,2050,92.232
power,STEPS_WEO2025,WEO2025,emission_intensity,kg CO2e/MWh,2020,227.87
power,STEPS_WEO2025,WEO2025,emission_intensity,kg CO2e/MWh,2021,224.996
power,STEPS_WEO2025,WEO2025,emission_intensity,kg CO2e/MWh,2022,222.155
power,STEPS_WEO2025,WEO2025,emission_intensity,kg CO2e/MWh,2023,219.351
power,STEPS_WEO2025,WEO2025,emission_intensity,kg CO2e/MWh,2024,213.668
power,STEPS_WEO2025,WEO2025,emission_intensity,kg CO2e/MWh,2025,203.312
power,STEPS_WEO2025,WEO2025,emission_intensity,kg CO2e/MWh,2026,193.457
power,STEPS_WEO2025,WEO2025,emission_intensity,kg CO2e/MWh,2027,184.080
power,STEPS_WEO2025,WEO2025,emission_intensity,kg CO2e/MWh,2028,175.158
power,STEPS_WEO2025,WEO2025,emission_intensity,kg CO2e/MWh,2029,166.668
power,STEPS_WEO2025,WEO2025,emission_intensity,kg CO2e/MWh,2030,158.590
power,STEPS_WEO2025,WEO2025,emission_intensity,kg CO2e/MWh,2031,150.903
power,STEPS_WEO2025,WEO2025,emission_intensity,kg CO2e/MWh,2032,143.588
power,STEPS_WEO2025,WEO2025,emission_intensity,kg CO2e/MWh,2033,136.629
power,STEPS_WEO2025,WEO2025,emission_intensity,kg CO2e/MWh,2034,130.006
power,STEPS_WEO2025,WEO2025,emission_intensity,kg CO2e/MWh,2035,123.705
power,STEPS_WEO2025,WEO2025,emission_intensity,kg CO2e/MWh,2036,117.709
power,STEPS_WEO2025,WEO2025,emission_intensity,kg CO2e/MWh,2037,112.003
power,STEPS_WEO2025,WEO2025,emission_intensity,kg CO2e/MWh,2038,106.575
power,STEPS_WEO2025,WEO2025,emission_intensity,kg CO2e/MWh,2039,101.409
power,STEPS_WEO2025,WEO2025,emission_intensity,kg CO2e/MWh,2040,96.494
power,STEPS_WEO2025,WEO2025,emission_intensity,kg CO2e/MWh,2041,91.816
power,STEPS_WEO2025,WEO2025,emission_intensity,kg CO2e/MWh,2042,87.366
power,STEPS_WEO2025,WEO2025,emission_intensity,kg CO2e/MWh,2043,83.131
power,STEPS_WEO2025,WEO2025,emission_intensity,kg CO2e/MWh,2044,79.102
power,STEPS_WEO2025,WEO2025,emission_intensity,kg CO2e/MWh,2045,75.268
power,STEPS_WEO2025,WEO2025,emission_intensity,kg CO2e/MWh,2046,71.620
power,STEPS_WEO2025,WEO2025,emission_intensity,kg CO2e/MWh,2047,68.148
power,STEPS_WEO2025,WEO2025,emission_intensity,kg CO2e/MWh,2048,64.845
power,STEPS_WEO2025,WEO2025,emission_intensity,kg CO2e/MWh,2049,61.702
power,STEPS_WEO2025,WEO2025,emission_intensity,kg CO2e/MWh,2050,58.711
power,NZ_WEO2025,WEO2025,emission_intensity,kg CO2e/MWh,2020,227.87
power,NZ_WEO2025,WEO2025,emission_intensity,kg CO2e/MWh,2021,224.996
power,NZ_WEO2025,WEO2025,emission_intensity,kg CO2e/MWh,2022,222.155
power,NZ_WEO2025,WEO2025,emission_intensity,kg CO2e/MWh,2023,219.351
power,NZ_WEO2025,WEO2025,emission_intensity,kg CO2e/MWh,2024,213.668
power,NZ_WEO2025,WEO2025,emission_intensity,kg CO2e/MWh,2025,181.142
power,NZ_WEO2025,WEO2025,emission_intensity,kg CO2e/MWh,2026,153.567
power,NZ_WEO2025,WEO2025,emission_intensity,kg CO2e/MWh,2027,130.190
power,NZ_WEO2025,WEO2025,emission_intensity,kg CO2e/MWh,2028,110.372
power,NZ_WEO2025,WEO2025,emission_intensity,kg CO2e/MWh,2029,93.570
power,NZ_WEO2025,WEO2025,emission_intensity,kg CO2e/MWh,2030,79.326
power,NZ_WEO2025,WEO2025,emission_intensity,kg CO2e/MWh,2031,67.250
power,NZ_WEO2025,WEO2025,emission_intensity,kg CO2e/MWh,2032,57.013
power,NZ_WEO2025,WEO2025,emission_intensity,kg CO2e/MWh,2033,48.334
power,NZ_WEO2025,WEO2025,emission_intensity,kg CO2e/MWh,2034,40.976
power,NZ_WEO2025,WEO2025,emission_intensity,kg CO2e/MWh,2035,34.739
power,NZ_WEO2025,WEO2025,emission_intensity,kg CO2e/MWh,2036,29.450
power,NZ_WEO2025,WEO2025,emission_intensity,kg CO2e/MWh,2037,24.967
power,NZ_WEO2025,WEO2025,emission_intensity,kg CO2e/MWh,2038,21.167
power,NZ_WEO2025,WEO2025,emission_intensity,kg CO2e/MWh,2039,17.944
power,NZ_WEO2025,WEO2025,emission_intensity,kg CO2e/MWh,2040,15.213
power,NZ_WEO2025,WEO2025,emission_intensity,kg CO2e/MWh,2041,12.897
power,NZ_WEO2025,WEO2025,emission_intensity,kg CO2e/MWh,2042,10.934
power,NZ_WEO2025,WEO2025,emission_intensity,kg CO2e/MWh,2043,9.269
power,NZ_WEO2025,WEO2025,emission_intensity,kg CO2e/MWh,2044,7.858
power,NZ_WEO2025,WEO2025,emission_intensity,kg CO2e/MWh,2045,6.662
power,NZ_WEO2025,WEO2025,emission_intensity,kg CO2e/MWh,2046,5.648
power,NZ_WEO2025,WEO2025,emission_intensity,kg CO2e/MWh,2047,4.788
power,NZ_WEO2025,WEO2025,emission_intensity,kg CO2e/MWh,2048,4.059
power,NZ_WEO2025,WEO2025,emission_intensity,kg CO2e/MWh,2049,3.441
power,NZ_WEO2025,WEO2025,emission_intensity,kg CO2e/MWh,2050,-1.856
power,NZ_WEO2021,WEO2021,emission_intensity,kg CO2e/MWh,2020,227.87
power,NZ_WEO2021,WEO2021,emission_intensity,kg CO2e/MWh,2021,212.12
power,NZ_WEO2021,WEO2021,emission_intensity,kg CO2e/MWh,2022,196.37
power,NZ_WEO2021,WEO2021,emission_intensity,kg CO2e/MWh,2023,180.62
power,NZ_WEO2021,WEO2021,emission_intensity,kg CO2e/MWh,2024,164.87
power,NZ_WEO2021,WEO2021,emission_intensity,kg CO2e/MWh,2025,149.12
power,NZ_WEO2021,WEO2021,emission_intensity,kg CO2e/MWh,2026,133.37
power,NZ_WEO2021,WEO2021,emission_intensity,kg CO2e/MWh,2027,117.62
power,NZ_WEO2021,WEO2021,emission_intensity,kg CO2e/MWh,2028,101.87
power,NZ_WEO2021,WEO2021,emission_intensity,kg CO2e/MWh,2029,86.12
power,NZ_WEO2021,WEO2021,emission_intensity,kg CO2e/MWh,2030,70.37
power,NZ_WEO2021,WEO2021,emission_intensity,kg CO2e/MWh,2031,63.08
power,NZ_WEO2021,WEO2021,emission_intensity,kg CO2e/MWh,2032,55.78
power,NZ_WEO2021,WEO2021,emission_intensity,kg CO2e/MWh,2033,48.48
power,NZ_WEO2021,WEO2021,emission_intensity,kg CO2e/MWh,2034,41.18
power,NZ_WEO2021,WEO2021,emission_intensity,kg CO2e/MWh,2035,33.89
power,NZ_WEO2021,WEO2021,emission_intensity,kg CO2e/MWh,2036,26.59
power,NZ_WEO2021,WEO2021,emission_intensity,kg CO2e/MWh,2037,19.29
power,NZ_WEO2021,WEO2021,emission_intensity,kg CO2e/MWh,2038,11.99
power,NZ_WEO2021,WEO2021,emission_intensity,kg CO2e/MWh,2039,4.70
power,NZ_WEO2021,WEO2021,emission_intensity,kg CO2e/MWh,2040,0.00
power,NZ_WEO2021,WEO2021,emission_intensity,kg CO2e/MWh,2041,0.00
power,NZ_WEO2021,WEO2021,emission_intensity,kg CO2e/MWh,2042,0.00
power,NZ_WEO2021,WEO2021,emission_intensity,kg CO2e/MWh,2043,0.00
power,NZ_WEO2021,WEO2021,emission_intensity,kg CO2e/MWh,2044,0.00
power,NZ_WEO2021,WEO2021,emission_intensity,kg CO2e/MWh,2045,0.00
power,NZ_WEO2021,WEO2021,emission_intensity,kg CO2e/MWh,2046,0.00
power,NZ_WEO2021,WEO2021,emission_intensity,kg CO2e/MWh,2047,0.00
power,NZ_WEO2021,WEO2021,emission_intensity,kg CO2e/MWh,2048,0.00
power,NZ_WEO2021,WEO2021,emission_intensity,kg CO2e/MWh,2049,0.00
power,NZ_WEO2021,WEO2021,emission_intensity,kg CO2e/MWh,2050,0.00
oil_gas,CPS_WEO2025,WEO2025,absolute_emissions,Mt CO2,2021,14.00
oil_gas,CPS_WEO2025,WEO2025,absolute_emissions,Mt CO2,2022,14.24
oil_gas,CPS_WEO2025,WEO2025,absolute_emissions,Mt CO2,2023,14.49
oil_gas,CPS_WEO2025,WEO2025,absolute_emissions,Mt CO2,2024,14.75
oil_gas,CPS_WEO2025,WEO2025,absolute_emissions,Mt CO2,2025,14.83
oil_gas,CPS_WEO2025,WEO2025,absolute_emissions,Mt CO2,2026,14.91
oil_gas,CPS_WEO2025,WEO2025,absolute_emissions,Mt CO2,2027,14.99
oil_gas,CPS_WEO2025,WEO2025,absolute_emissions,Mt CO2,2028,15.08
oil_gas,CPS_WEO2025,WEO2025,absolute_emissions,Mt CO2,2029,15.16
oil_gas,CPS_WEO2025,WEO2025,absolute_emissions,Mt CO2,2030,15.25
oil_gas,CPS_WEO2025,WEO2025,absolute_emissions,Mt CO2,2031,15.33
oil_gas,CPS_WEO2025,WEO2025,absolute_emissions,Mt CO2,2032,15.42
oil_gas,CPS_WEO2025,WEO2025,absolute_emissions,Mt CO2,2033,15.50
oil_gas,CPS_WEO2025,WEO2025,absolute_emissions,Mt CO2,2034,15.59
oil_gas,CPS_WEO2025,WEO2025,absolute_emissions,Mt CO2,2035,15.67
oil_gas,CPS_WEO2025,WEO2025,absolute_emissions,Mt CO2,2036,15.73
oil_gas,CPS_WEO2025,WEO2025,absolute_emissions,Mt CO2,2037,15.78
oil_gas,CPS_WEO2025,WEO2025,absolute_emissions,Mt CO2,2038,15.84
oil_gas,CPS_WEO2025,WEO2025,absolute_emissions,Mt CO2,2039,15.89
oil_gas,CPS_WEO2025,WEO2025,absolute_emissions,Mt CO2,2040,15.95
oil_gas,CPS_WEO2025,WEO2025,absolute_emissions,Mt CO2,2041,16.03
oil_gas,CPS_WEO2025,WEO2025,absolute_emissions,Mt CO2,2042,16.12
oil_gas,CPS_WEO2025,WEO2025,absolute_emissions,Mt CO2,2043,16.20
oil_gas,CPS_WEO2025,WEO2025,absolute_emissions,Mt CO2,2044,16.28
oil_gas,CPS_WEO2025,WEO2025,absolute_emissions,Mt CO2,2045,16.37
oil_gas,CPS_WEO2025,WEO2025,absolute_emissions,Mt CO2,2046,16.45
oil_gas,CPS_WEO2025,WEO2025,absolute_emissions,Mt CO2,2047,16.54
oil_gas,CPS_WEO2025,WEO2025,absolute_emissions,Mt CO2,2048,16.63
oil_gas,CPS_WEO2025,WEO2025,absolute_emissions,Mt CO2,2049,16.71
oil_gas,CPS_WEO2025,WEO2025,absolute_emissions,Mt CO2,2050,16.80
oil_gas,STEPS_WEO2025,WEO2025,absolute_emissions,Mt CO2,2021,14.00
oil_gas,STEPS_WEO2025,WEO2025,absolute_emissions,Mt CO2,2022,14.24
oil_gas,STEPS_WEO2025,WEO2025,absolute_emissions,Mt CO2,2023,14.49
oil_gas,STEPS_WEO2025,WEO2025,absolute_emissions,Mt CO2,2024,14.75
oil_gas,STEPS_WEO2025,WEO2025,absolute_emissions,Mt CO2,2025,14.75
oil_gas,STEPS_WEO2025,WEO2025,absolute_emissions,Mt CO2,2026,14.75
oil_gas,STEPS_WEO2025,WEO2025,absolute_emissions,Mt CO2,2027,14.76
oil_gas,STEPS_WEO2025,WEO2025,absolute_emissions,Mt CO2,2028,14.76
oil_gas,STEPS_WEO2025,WEO2025,absolute_emissions,Mt CO2,2029,14.76
oil_gas,STEPS_WEO2025,WEO2025,absolute_emissions,Mt CO2,2030,14.76
oil_gas,STEPS_WEO2025,WEO2025,absolute_emissions,Mt CO2,2031,14.77
oil_gas,STEPS_WEO2025,WEO2025,absolute_emissions,Mt CO2,2032,14.77
oil_gas,STEPS_WEO2025,WEO2025,absolute_emissions,Mt CO2,2033,14.77
oil_gas,STEPS_WEO2025,WEO2025,absolute_emissions,Mt CO2,2034,14.78
oil_gas,STEPS_WEO2025,WEO2025,absolute_emissions,Mt CO2,2035,14.78
oil_gas,STEPS_WEO2025,WEO2025,absolute_emissions,Mt CO2,2036,14.70
oil_gas,STEPS_WEO2025,WEO2025,absolute_emissions,Mt CO2,2037,14.61
oil_gas,STEPS_WEO2025,WEO2025,absolute_emissions,Mt CO2,2038,14.53
oil_gas,STEPS_WEO2025,WEO2025,absolute_emissions,Mt CO2,2039,14.45
oil_gas,STEPS_WEO2025,WEO2025,absolute_emissions,Mt CO2,2040,14.37
oil_gas,STEPS_WEO2025,WEO2025,absolute_emissions,Mt CO2,2041,14.30
oil_gas,STEPS_WEO2025,WEO2025,absolute_emissions,Mt CO2,2042,14.24
oil_gas,STEPS_WEO2025,WEO2025,absolute_emissions,Mt CO2,2043,14.18
oil_gas,STEPS_WEO2025,WEO2025,absolute_emissions,Mt CO2,2044,14.13
oil_gas,STEPS_WEO2025,WEO2025,absolute_emissions,Mt CO2,2045,14.07
oil_gas,STEPS_WEO2025,WEO2025,absolute_emissions,Mt CO2,2046,14.01
oil_gas,STEPS_WEO2025,WEO2025,absolute_emissions,Mt CO2,2047,13.95
oil_gas,STEPS_WEO2025,WEO2025,absolute_emissions,Mt CO2,2048,13.89
oil_gas,STEPS_WEO2025,WEO2025,absolute_emissions,Mt CO2,2049,13.83
oil_gas,STEPS_WEO2025,WEO2025,absolute_emissions,Mt CO2,2050,13.77
oil_gas,NZ_WEO2025,WEO2025,absolute_emissions,Mt CO2,2021,14.00
oil_gas,NZ_WEO2025,WEO2025,absolute_emissions,Mt CO2,2022,14.24
oil_gas,NZ_WEO2025,WEO2025,absolute_emissions,Mt CO2,2023,14.49
oil_gas,NZ_WEO2025,WEO2025,absolute_emissions,Mt CO2,2024,14.75
oil_gas,NZ_WEO2025,WEO2025,absolute_emissions,Mt CO2,2025,13.92
oil_gas,NZ_WEO2025,WEO2025,absolute_emissions,Mt CO2,2026,13.13
oil_gas,NZ_WEO2025,WEO2025,absolute_emissions,Mt CO2,2027,12.39
oil_gas,NZ_WEO2025,WEO2025,absolute_emissions,Mt CO2,2028,11.70
oil_gas,NZ_WEO2025,WEO2025,absolute_emissions,Mt CO2,2029,11.04
oil_gas,NZ_WEO2025,WEO2025,absolute_emissions,Mt CO2,2030,10.42
oil_gas,NZ_WEO2025,WEO2025,absolute_emissions,Mt CO2,2031,9.83
oil_gas,NZ_WEO2025,WEO2025,absolute_emissions,Mt CO2,2032,9.28
oil_gas,NZ_WEO2025,WEO2025,absolute_emissions,Mt CO2,2033,8.75
oil_gas,NZ_WEO2025,WEO2025,absolute_emissions,Mt CO2,2034,8.26
oil_gas,NZ_WEO2025,WEO2025,absolute_emissions,Mt CO2,2035,7.80
oil_gas,NZ_WEO2025,WEO2025,absolute_emissions,Mt CO2,2036,6.98
oil_gas,NZ_WEO2025,WEO2025,absolute_emissions,Mt CO2,2037,6.25
oil_gas,NZ_WEO2025,WEO2025,absolute_emissions,Mt CO2,2038,5.60
oil_gas,NZ_WEO2025,WEO2025,absolute_emissions,Mt CO2,2039,5.02
oil_gas,NZ_WEO2025,WEO2025,absolute_emissions,Mt CO2,2040,4.49
oil_gas,NZ_WEO2025,WEO2025,absolute_emissions,Mt CO2,2041,3.88
oil_gas,NZ_WEO2025,WEO2025,absolute_emissions,Mt CO2,2042,3.36
oil_gas,NZ_WEO2025,WEO2025,absolute_emissions,Mt CO2,2043,2.90
oil_gas,NZ_WEO2025,WEO2025,absolute_emissions,Mt CO2,2044,2.51
oil_gas,NZ_WEO2025,WEO2025,absolute_emissions,Mt CO2,2045,2.17
oil_gas,NZ_WEO2025,WEO2025,absolute_emissions,Mt CO2,2046,1.88
oil_gas,NZ_WEO2025,WEO2025,absolute_emissions,Mt CO2,2047,1.62
oil_gas,NZ_WEO2025,WEO2025,absolute_emissions,Mt CO2,2048,1.40
oil_gas,NZ_WEO2025,WEO2025,absolute_emissions,Mt CO2,2049,1.21
oil_gas,NZ_WEO2025,WEO2025,absolute_emissions,Mt CO2,2050,1.05
oil_gas,NZ_WEO2021,WEO2021,absolute_emissions,Mt CO2,2021,12.13
oil_gas,NZ_WEO2021,WEO2021,absolute_emissions,Mt CO2,2022,11.74
oil_gas,NZ_WEO2021,WEO2021,absolute_emissions,Mt CO2,2023,11.34
oil_gas,NZ_WEO2021,WEO2021,absolute_emissions,Mt CO2,2024,10.95
oil_gas,NZ_WEO2021,WEO2021,absolute_emissions,Mt CO2,2025,10.55
oil_gas,NZ_WEO2021,WEO2021,absolute_emissions,Mt CO2,2026,10.16
oil_gas,NZ_WEO2021,WEO2021,absolute_emissions,Mt CO2,2027,9.76
oil_gas,NZ_WEO2021,WEO2021,absolute_emissions,Mt CO2,2028,9.37
oil_gas,NZ_WEO2021,WEO2021,absolute_emissions,Mt CO2,2029,8.98
oil_gas,NZ_WEO2021,WEO2021,absolute_emissions,Mt CO2,2030,8.58
oil_gas,NZ_WEO2021,WEO2021,absolute_emissions,Mt CO2,2031,8.01
oil_gas,NZ_WEO2021,WEO2021,absolute_emissions,Mt CO2,2032,7.45
oil_gas,NZ_WEO2021,WEO2021,absolute_emissions,Mt CO2,2033,6.88
oil_gas,NZ_WEO2021,WEO2021,absolute_emissions,Mt CO2,2034,6.32
oil_gas,NZ_WEO2021,WEO2021,absolute_emissions,Mt CO2,2035,5.75
oil_gas,NZ_WEO2021,WEO2021,absolute_emissions,Mt CO2,2036,5.18
oil_gas,NZ_WEO2021,WEO2021,absolute_emissions,Mt CO2,2037,4.62
oil_gas,NZ_WEO2021,WEO2021,absolute_emissions,Mt CO2,2038,4.05
oil_gas,NZ_WEO2021,WEO2021,absolute_emissions,Mt CO2,2039,3.49
oil_gas,NZ_WEO2021,WEO2021,absolute_emissions,Mt CO2,2040,2.92
oil_gas,NZ_WEO2021,WEO2021,absolute_emissions,Mt CO2,2041,2.70
oil_gas,NZ_WEO2021,WEO2021,absolute_emissions,Mt CO2,2042,2.48
oil_gas,NZ_WEO2021,WEO2021,absolute_emissions,Mt CO2,2043,2.27
oil_gas,NZ_WEO2021,WEO2021,absolute_emissions,Mt CO2,2044,2.05
oil_gas,NZ_WEO2021,WEO2021,absolute_emissions,Mt CO2,2045,1.83
oil_gas,NZ_WEO2021,WEO2021,absolute_emissions,Mt CO2,2046,1.61
oil_gas,NZ_WEO2021,WEO2021,absolute_emissions,Mt CO2,2047,1.40
oil_gas,NZ_WEO2021,WEO2021,absolute_emissions,Mt CO2,2048,1.18
oil_gas,NZ_WEO2021,WEO2021,absolute_emissions,Mt CO2,2049,0.96
oil_gas,NZ_WEO2021,WEO2021,absolute_emissions,Mt CO2,2050,0.74
