Sector,Clave_busqueda,Escenario,Serie,Unidad,2015,2016,2017,2018,2019,2020,2021,2022,2023,2024,2025,2026,2027,2028,2029,2030,2031,2032,2033,2034,2035,2036,2037,2038,2039,2040,2041,2042,2043,2044,2045,2046,2047,2048,2049,2050
Cement,Cement,CPS,Intensidad,t CO2/t,0.553,0.557,0.561,0.565,0.569,0.574,0.578,0.582,0.586,0.588,0.587,0.586,0.584,0.583,0.582,0.580,0.579,0.578,0.577,0.575,0.574,0.573,0.572,0.570,0.569,0.568,0.567,0.566,0.565,0.564,0.563,0.562,0.561,0.560,0.559,0.558
Cement,Cement,STEPS,Intensidad,t CO2/t,0.553,0.557,0.561,0.565,0.569,0.574,0.578,0.582,0.586,0.588,0.586,0.585,0.583,0.581,0.580,0.578,0.576,0.575,0.573,0.571,0.570,0.568,0.567,0.565,0.563,0.562,0.559,0.555,0.552,0.549,0.546,0.542,0.537,0.533,0.529,0.52
Cement,Cement,NZE,Intensidad,t CO2/t,0.553,0.557,0.561,0.565,0.569,0.574,0.578,0.582,0.586,0.588,0.572,0.556,0.539,0.523,0.506,0.490,0.473,0.456,0.439,0.423,0.406,0.371,0.335,0.299,0.262,0.225,0.201,0.177,0.153,0.128,0.104,0.086,0.069,0.051,0.032,0.01
Steel,Steel,CPS,Intensidad,t CO2/t,1.553,1.540,1.527,1.514,1.501,1.488,1.476,1.463,1.451,1.461,1.448,1.436,1.425,1.413,1.402,1.391,1.380,1.369,1.358,1.348,1.338,1.327,1.317,1.307,1.296,1.287,1.277,1.267,1.257,1.247,1.238,1.228,1.219,1.209,1.200,1.19
Steel,Steel,STEPS,Intensidad,t CO2/t,1.553,1.540,1.527,1.514,1.501,1.488,1.476,1.463,1.451,1.461,1.439,1.419,1.398,1.378,1.359,1.339,1.320,1.302,1.284,1.266,1.248,1.232,1.216,1.201,1.186,1.171,1.153,1.136,1.120,1.103,1.087,1.068,1.049,1.031,1.013,1.00
Steel,Steel,NZE,Intensidad,t CO2/t,1.553,1.540,1.527,1.514,1.501,1.488,1.476,1.463,1.451,1.461,1.416,1.372,1.329,1.285,1.242,1.199,1.156,1.114,1.072,1.030,0.988,0.916,0.845,0.773,0.701,0.630,0.569,0.509,0.448,0.387,0.326,0.284,0.241,0.198,0.155,0.11
Aviation,Aviation,CPS,Intensidad,g CO2/pkm,127.1,125.4,123.7,122.0,120.3,118.7,117.0,115.4,113.8,109.2,107.4,105.7,104.2,102.8,101.5,100.3,99.2,98.1,97.2,96.2,95.4,94.6,93.8,93.1,92.4,91.8,91.2,90.7,90.1,89.6,89.1,88.1,87.1,86.2,85.3,84.43
Aviation,Aviation,STEPS,Intensidad,g CO2/pkm,127.1,125.4,123.7,122.0,120.3,118.7,117.0,115.4,113.8,109.2,108.3,107.6,106.9,106.2,105.6,105.0,104.4,103.9,103.4,102.9,102.5,100.5,98.7,97.0,95.4,93.8,91.9,90.2,88.5,87.0,85.5,83.3,81.2,79.2,77.3,75.56
Aviation,Aviation,NZE,Intensidad,g CO2/pkm,127.1,125.4,123.7,122.0,120.3,118.7,117.0,115.4,113.8,109.2,105.8,102.6,99.6,96.8,94.1,91.6,89.2,86.9,84.7,82.7,80.7,76.7,72.7,68.8,65.0,61.2,57.2,53.2,49.3,45.6,41.9,37.4,33.1,28.8,24.7,20.75
Automotive,Automotive,CPS,Intensidad,g CO2/pkm,148.4,145.5,142.8,140.1,137.4,134.8,132.2,129.7,127.2,124.2,119.9,115.9,112.1,108.5,105.1,101.9,98.8,95.9,93.1,90.4,87.8,85.4,83.0,80.8,78.7,76.6,75.3,74.0,72.8,71.7,70.5,69.8,69.2,68.5,67.9,67.29
Automotive,Automotive,STEPS,Intensidad,g CO2/pkm,148.4,145.5,142.8,140.1,137.4,134.8,132.2,129.7,127.2,124.2,119.7,115.5,111.5,107.7,104.0,100.5,97.2,94.0,90.9,88.0,85.2,81.9,78.8,75.8,73.0,70.3,67.9,65.7,63.5,61.5,59.5,57.7,56.1,54.5,52.9,51.49
Automotive,Automotive,NZE,Intensidad,g CO2/pkm,148.4,145.5,142.8,140.1,137.4,134.8,132.2,129.7,127.2,124.2,115.7,107.6,99.9,92.6,85.5,78.7,72.2,66.0,60.0,54.2,48.7,42.8,37.1,31.6,26.4,21.3,18.5,15.8,13.1,10.6,8.1,6.9,5.9,4.8,3.8,2.81
Commercial RE,Commercial RE,CPS,Intensidad,kg CO2/m2,20.01,19.26,18.54,17.85,17.18,16.54,15.92,15.32,14.75,14.42,14.02,13.64,13.27,12.92,12.58,12.26,11.95,11.65,11.37,11.09,10.82,10.59,10.35,10.13,9.91,9.70,9.57,9.44,9.31,9.19,9.07,8.96,8.85,8.75,8.64,8.54
Commercial RE,Commercial RE,STEPS,Intensidad,kg CO2/m2,20.01,19.26,18.54,17.85,17.18,16.54,15.92,15.32,14.75,14.42,14.04,13.67,13.31,12.96,12.63,12.30,11.99,11.68,11.39,11.10,10.82,10.48,10.16,9.84,9.54,9.24,9.02,8.80,8.59,8.39,8.19,8.00,7.81,7.62,7.44,7.27
Commercial RE,Commercial RE,NZE,Intensidad,kg CO2/m2,20.01,19.26,18.54,17.85,17.18,16.54,15.92,15.32,14.75,14.42,13.49,12.61,11.76,10.94,10.16,9.41,8.69,8.00,7.34,6.70,6.08,5.45,4.83,4.24,3.66,3.10,2.70,2.31,1.93,1.56,1.19,0.98,0.77,0.56,0.35,0.16
Residential RE,Residential RE,CPS,Intensidad,kg CO2/m2,10.78,10.58,10.37,10.18,9.98,9.79,9.61,9.42,9.24,9.05,8.83,8.62,8.42,8.23,8.04,7.86,7.68,7.51,7.35,7.19,7.03,6.90,6.78,6.66,6.54,6.43,6.35,6.27,6.19,6.11,6.04,5.97,5.90,5.84,5.78,5.72
Residential RE,Residential RE,STEPS,Intensidad,kg CO2/m2,10.78,10.58,10.37,10.18,9.98,9.79,9.61,9.42,9.24,9.05,8.82,8.61,8.40,8.19,7.99,7.80,7.61,7.43,7.25,7.07,6.90,6.73,6.55,6.39,6.22,6.06,5.94,5.81,5.69,5.58,5.46,5.35,5.24,5.13,5.03,4.93
Residential RE,Residential RE,NZE,Intensidad,kg CO2/m2,10.78,10.58,10.37,10.18,9.98,9.79,9.61,9.42,9.24,9.05,8.49,7.96,7.44,6.94,6.46,5.99,5.53,5.09,4.66,4.25,3.85,3.41,3.00,2.59,2.19,1.81,1.56,1.31,1.07,0.84,0.61,0.51,0.40,0.31,0.21,0.12
Aluminium,Aluminium,CPS,Intensidad,t CO2/t,2.698,2.633,2.571,2.510,2.450,2.391,2.335,2.279,2.225,2.222,2.203,2.185,2.167,2.150,2.134,2.118,2.103,2.088,2.074,2.060,2.047,2.032,2.017,2.003,1.989,1.976,1.962,1.948,1.934,1.921,1.908,1.895,1.883,1.872,1.860,1.849
Aluminium,Aluminium,STEPS,Intensidad,t CO2/t,2.698,2.633,2.571,2.510,2.450,2.391,2.335,2.279,2.225,2.222,2.195,2.170,2.145,2.121,2.098,2.075,2.053,2.032,2.011,1.991,1.972,1.938,1.905,1.874,1.843,1.813,1.781,1.749,1.719,1.690,1.661,1.634,1.607,1.582,1.557,1.533
Aluminium,Aluminium,NZE,Intensidad,t CO2/t,2.70,2.63,2.57,2.51,2.45,2.39,2.33,2.28,2.22,2.22,2.147,2.075,2.005,1.939,1.874,1.812,1.752,1.694,1.638,1.584,1.532,1.405,1.281,1.160,1.041,0.925,0.812,0.701,0.591,0.483,0.378,0.315,0.253,0.193,0.133,0.074
Power,CO2 intensity of electricity generation,CPS,Intensidad,kg CO2e/MWh,506.34,499.95,493.64,487.41,481.25,475.18,469.18,463.26,457.41,445.56,431.39,417.68,404.40,391.54,379.09,367.04,355.37,344.07,333.13,322.53,312.28,302.35,292.74,283.43,274.42,265.69,257.24,249.06,241.15,233.48,226.05,218.87,211.91,205.17,198.65,192.33
Power,CO2 intensity of electricity generation,STEPS,Intensidad,kg CO2e/MWh,506.34,499.95,493.64,487.41,481.25,475.18,469.18,463.26,457.41,445.56,423.96,403.41,383.86,365.25,347.55,330.70,314.68,299.42,284.91,271.10,257.96,245.46,233.56,222.24,211.47,201.22,191.46,182.18,173.35,164.95,156.96,149.35,142.11,135.22,128.67,122.43
Power,CO2 intensity of electricity generation,NZE,Intensidad,kg CO2e/MWh,506.34,499.95,493.64,487.41,481.25,475.18,469.18,463.26,457.41,445.56,377.73,320.23,271.48,230.16,195.12,165.42,140.24,118.89,100.79,85.45,72.44,61.41,52.06,44.14,37.42,31.72,26.89,22.80,19.33,16.39,13.89,11.78,9.98,8.46,7.18,-3.87
